Возраст;Уволился;Комендировки;Подразделение;Удаленность от дома;Уроверь образования;Образоване;Номер;Удовлетворенность;Gender;Качество;Ответственность;Уровень;Должность;JobSatisfaction;Статус;Уровень ЗП;Место работы;Старше 18;OverTime;Процентный рост ЗП;Дисциплина;Уровень мотивации;Рабочая неделя;Уровень по внутренним нормативам;Стаж;Тренинга;Оценка жизни;Стаж в компании
41;Да;Готов к командировкам;Сопровождение;1;2;Техническое;1;2;Женский;94;3;2;Специалист технической поддержки;4;Single;5993;8;Да;Да;11;3;1;80;0;8;0;1;6
37;Да;Готов к командировкам;Разработка;2;2;Другое;4;4;Мужской;92;2;1;Стажер;3;Одинок;2090;6;Да;Да;15;3;2;40;0;7;3;3;0
33;Нет;Не готов к комендировкам;Разработка;3;4;Техническое;5;4;Женский;56;3;1;Разработчик;3;Женат/Замужем;2909;1;Да;Да;11;3;3;40;0;8;3;3;8
59;Нет;Готов к командировкам;Разработка;3;3;Экономическое;10;3;Женский;81;4;1;Стажер;1;Женат/Замужем;2670;4;Да;Да;20;4;1;40;3;12;3;2;1
29;Нет;Готов к командировкам;Разработка;15;2;Техническое;15;4;Женский;49;2;2;Стажер;3;Одинок;4193;0;Да;Да;12;3;4;40;0;10;3;3;9
28;Да;Готов к командировкам;Разработка;24;3;Техническое;19;3;Мужской;50;2;1;Стажер;3;Одинок;2028;5;Да;Да;14;3;2;40;0;6;4;3;4
32;Нет;Готов к командировкам;Разработка;5;2;Техническое;21;1;Мужской;40;4;1;Разработчик;2;В разводе;3298;0;Да;Да;12;3;4;40;2;7;5;2;6
22;Нет;Не готов к комендировкам;Разработка;16;2;Экономическое;22;4;Мужской;96;4;1;Стажер;4;В разводе;2935;1;Да;Да;13;3;2;40;2;1;2;2;1
38;Нет;Готов к командировкам;Разработка;2;3;Техническое;24;4;Мужской;45;3;1;Разработчик;4;Одинок;3944;5;Да;Да;11;3;3;40;0;6;3;3;3
32;Да;Не готов к комендировкам;Разработка;16;1;Техническое;33;2;Женский;72;1;1;Разработчик;1;Одинок;3919;1;Да;Да;22;4;2;40;0;10;5;3;10
44;Нет;Готов к командировкам;Разработка;10;4;Другое;40;4;Мужской;41;3;2;Разработчик БД;4;Женат/Замужем;6465;2;Да;Да;13;3;4;40;0;9;5;4;4
24;Да;Готов к командировкам;Разработка;1;3;Экономическое;45;2;Мужской;61;3;1;Разработчик;4;Женат/Замужем;2293;2;Да;Да;16;3;1;40;1;6;2;2;2
50;Да;Готов к командировкам;Сопровождение;3;2;Педагорическое;47;1;Мужской;86;2;1;Аналитик сопровождения;3;Married;2683;1;Да;Да;14;3;3;80;0;3;2;3;3
36;Нет;Готов к командировкам;Разработка;5;4;Техническое;51;2;Женский;82;2;1;Разработчик;1;Женат/Замужем;3419;9;Да;Да;14;3;4;40;1;6;3;4;1
46;Нет;Не готов к комендировкам;Сопровождение;5;4;Педагорическое;62;1;Мужской;98;3;2;Специалист технической поддержки;4;Single;5772;4;Да;Да;21;4;3;80;0;14;4;3;9
48;Да;Готов к командировкам;Разработка;1;2;Техническое;64;1;Мужской;98;2;3;Стажер;3;Одинок;5381;9;Да;Да;13;3;4;40;0;23;2;3;1
28;Да;Готов к командировкам;Разработка;5;4;Степень к.т.н;65;3;Мужской;50;3;1;Стажер;3;Одинок;3441;1;Да;Да;13;3;3;40;0;2;3;2;2
44;Нет;Готов к командировкам;Сопровождение;1;5;Педагорическое;68;2;Женский;75;3;2;Специалист технической поддержки;1;Divorced;5454;5;Да;Да;21;4;3;80;1;9;2;2;4
35;Нет;Не готов к комендировкам;Разработка;11;2;Экономическое;70;3;Мужской;79;2;3;Разработчик БД;1;Женат/Замужем;9884;2;Да;Да;13;3;3;40;1;10;3;3;4
26;Нет;Готов к командировкам;Сопровождение;23;3;Педагорическое;72;3;Женский;47;2;2;Специалист технической поддержки;4;Married;4157;7;Да;Да;19;3;3;80;1;5;2;2;2
33;Нет;Не готов к комендировкам;Разработка;1;2;Техническое;73;1;Женский;98;3;3;Инженер;4;Одинок;3458;1;Да;Да;12;3;3;40;0;15;1;3;15
35;Нет;Готов к командировкам;Разработка;23;4;Экономическое;75;3;Женский;30;3;1;Стажер;1;Женат/Замужем;4014;3;Да;Да;15;3;3;40;1;4;3;3;2
32;Нет;Готов к командировкам;Разработка;1;3;Экономическое;78;1;Мужской;33;3;2;ТимЛид;4;Женат/Замужем;6162;1;Да;Да;22;4;2;40;1;9;3;3;9
50;Нет;Готов к командировкам;Разработка;7;2;Экономическое;40;2;Женский;43;2;5;Инженер;3;В разводе;8740;5;Да;Да;12;3;4;40;1;29;2;2;27
55;Нет;Готов к командировкам;Разработка;8;3;Экономическое;84;4;Женский;33;3;4;Менеджер;3;В разводе;4756;2;Да;Да;14;3;3;40;3;21;2;3;5
36;Да;Готов к командировкам;Разработка;9;3;Экономическое;90;4;Мужской;79;2;1;Разработчик;3;Женат/Замужем;3388;0;Да;Да;17;3;1;40;1;2;0;2;1
45;Нет;Готов к командировкам;Разработка;6;4;Другое;101;4;Мужской;52;3;3;Инженер;1;Женат/Замужем;3245;4;Да;Да;14;3;2;40;0;17;3;4;0
46;Нет;Готов к командировкам;Производство;5;2;Экономическое;103;2;Мужской;80;3;2;Бизнес-анализ;2;Divorced;5021;8;Да;Да;22;4;4;80;1;16;2;3;4
30;Нет;Готов к командировкам;Разработка;1;1;Техническое;104;4;Мужской;55;2;2;Стажер;4;Женат/Замужем;5126;1;Да;Да;12;3;3;40;2;10;1;2;10
38;Нет;Не готов к комендировкам;Разработка;6;3;Экономическое;107;2;Женский;79;1;2;Разработчик;4;В разводе;5329;7;Да;Да;12;3;4;40;3;17;3;3;13
51;Нет;Готов к командировкам;Сопровождение;21;4;Педагорическое;120;3;Мужской;71;3;2;Специалист технической поддержки;4;Single;5441;0;Да;Да;22;4;4;80;0;11;2;1;10
30;Нет;Готов к командировкам;Сопровождение;4;2;Экономическое;121;3;Женский;63;2;2;Специалист технической поддержки;2;Divorced;5209;1;Да;Да;12;3;2;80;3;11;4;2;11
46;Нет;Не готов к комендировкам;Разработка;1;3;Экономическое;124;3;Мужской;40;2;3;Разработчик БД;1;Женат/Замужем;6073;2;Да;Да;13;3;3;40;1;21;5;2;10
37;Да;Готов к командировкам;Производство;6;4;Техническое;133;3;Мужской;63;3;1;Техническое;1;Divorced;2073;4;Да;Да;22;4;4;80;0;7;3;3;3
20;Да;Не готов к комендировкам;Разработка;6;3;Техническое;137;4;Женский;66;2;1;Стажер;4;Одинок;2926;1;Да;Да;18;3;2;40;0;1;5;3;1
50;Нет;Не готов к комендировкам;Разработка;1;3;Техническое;141;1;Женский;73;3;5;Инженер;2;Женат/Замужем;8172;3;Да;Да;19;3;1;40;0;28;1;2;8
25;Да;Готов к командировкам;Сопровождение;5;3;Педагорическое;142;3;Мужской;46;2;2;Специалист технической поддержки;3;Single;5744;1;Да;Да;11;3;4;80;0;6;1;3;6
34;Да;Не готов к комендировкам;Разработка;7;3;Техническое;147;1;Мужской;66;1;2;Стажер;3;Одинок;6074;1;Да;Да;24;4;4;40;0;9;3;3;9
54;Нет;Не готов к комендировкам;Производство;26;3;Техническое;148;4;Женский;30;4;4;Менеджер;4;Single;7328;2;Да;Да;12;3;3;80;0;23;3;3;5
43;Нет;Не готов к комендировкам;Сопровождение;26;2;Техническое;158;3;Мужской;92;3;4;Менеджер;4;Married;6959;1;Да;Да;12;3;4;80;2;25;3;4;25
56;Да;Готов к командировкам;Разработка;14;4;Техническое;161;2;Женский;72;3;1;Разработчик;2;Женат/Замужем;4963;9;Да;Да;18;3;1;40;3;7;2;3;5
31;Да;Готов к командировкам;Сопровождение;6;4;Техническое;163;2;Мужской;76;1;2;Специалист технической поддержки;3;Married;6172;4;Да;Да;18;3;2;80;0;12;3;2;7
19;Да;Готов к командировкам;Сопровождение;22;1;Педагорическое;167;4;Мужской;50;3;1;Аналитик сопровождения;3;Single;1675;1;Да;Да;19;3;4;80;0;0;2;2;0
31;Да;Готов к командировкам;Сопровождение;20;3;Техническое;175;2;Женский;71;1;2;Специалист технической поддержки;3;Married;4559;3;Да;Да;11;3;3;80;1;4;2;3;2
41;Нет;Готов к командировкам;Сопровождение;9;1;Техническое;176;3;Мужской;96;3;3;Специалист технической поддержки;3;Divorced;8189;3;Да;Да;13;3;3;80;1;12;2;3;9
30;Нет;Готов к командировкам;Производство;9;3;Техническое;184;3;Мужской;48;3;2;Техническое;4;Married;6347;0;Да;Да;19;3;4;80;0;12;2;1;11
38;Нет;Готов к командировкам;Разработка;3;5;Степень к.т.н;193;4;Женский;32;3;2;Разработчик;3;Одинок;4317;3;Да;Да;20;4;2;40;0;19;2;3;3
53;Нет;Готов к командировкам;Сопровождение;6;2;Педагорическое;205;2;Мужской;34;3;2;Аналитик сопровождения;3;Married;2306;2;Да;Да;20;4;4;80;1;13;3;1;7
58;Нет;Готов к командировкам;Разработка;9;3;Экономическое;214;2;Женский;75;2;1;Разработчик;2;Женат/Замужем;3346;4;Да;Да;20;4;2;40;1;9;3;2;1
57;Нет;Готов к командировкам;Разработка;24;2;Техническое;223;3;Мужской;83;4;3;Разработчик БД;4;В разводе;9439;3;Да;Да;16;3;2;40;1;12;2;1;5
27;Нет;Не готов к комендировкам;Разработка;3;3;Экономическое;224;3;Мужской;79;2;1;Разработчик;3;В разводе;2566;1;Да;Да;15;3;4;40;1;1;2;2;1
27;Нет;Готов к командировкам;Разработка;17;3;Степень к.т.н;233;3;Мужской;51;3;1;Разработчик;2;Женат/Замужем;3058;0;Да;Да;16;3;4;40;1;6;3;2;5
45;Нет;Готов к командировкам;Сопровождение;4;2;Техническое;240;3;Женский;30;3;2;Специалист технической поддержки;1;Divorced;5006;4;Да;Да;11;3;1;80;1;9;3;4;5
56;Нет;Готов к командировкам;Разработка;8;3;Техническое;241;3;Женский;67;3;1;Разработчик;1;В разводе;4257;4;Да;Да;18;3;3;40;1;19;3;3;2
31;Нет;Готов к командировкам;Разработка;12;1;Экономическое;246;3;Женский;95;3;1;Разработчик;4;Женат/Замужем;3929;8;Да;Да;23;4;3;40;1;7;0;3;4
41;Да;Готов к командировкам;Сопровождение;20;2;Педагорическое;248;2;Женский;70;3;1;Аналитик сопровождения;2;Single;3140;1;Да;Да;22;4;4;80;0;4;5;2;4
35;Да;Готов к командировкам;Разработка;23;2;Техническое;261;2;Мужской;50;2;2;ТимЛид;3;Женат/Замужем;5916;3;Да;Да;13;3;1;40;0;8;1;3;1
37;Нет;Готов к командировкам;Разработка;21;3;Техническое;267;2;Мужской;65;4;1;Разработчик;1;Женат/Замужем;3564;1;Да;Да;12;3;1;40;1;8;3;2;8
49;Нет;Не готов к комендировкам;Разработка;18;4;Техническое;275;4;Мужской;92;3;2;ТимЛид;4;В разводе;6404;1;Да;Да;15;3;1;40;2;7;0;3;7
34;Нет;Не готов к комендировкам;Разработка;10;4;Экономическое;277;4;Мужской;43;3;1;Разработчик;3;В разводе;3815;1;Да;Да;17;3;4;40;1;5;4;4;5
40;Нет;Готов к командировкам;Разработка;19;2;Экономическое;281;3;Мужской;99;3;2;Стажер;4;Женат/Замужем;2741;8;Да;Да;15;3;3;40;1;15;2;4;7
38;Да;Готов к командировкам;Разработка;29;1;Экономическое;282;2;Мужской;70;3;2;Разработчик БД;1;Женат/Замужем;6673;7;Да;Да;19;3;2;40;0;17;2;3;1
22;Нет;Готов к командировкам;Разработка;5;3;Техническое;284;4;Мужской;60;4;1;Разработчик;2;В разводе;2328;1;Да;Да;16;3;1;40;1;4;2;2;4
30;Да;Готов к командировкам;Разработка;3;3;Степень к.т.н;297;4;Женский;88;3;1;Разработчик;1;Одинок;2657;5;Да;Да;11;3;3;40;0;8;5;3;5
41;Нет;Готов к командировкам;Сопровождение;6;3;Техническое;298;4;Женский;75;3;3;Менеджер;4;Single;3591;3;Да;Да;18;3;3;80;0;16;3;3;1
37;Нет;Не готов к комендировкам;Разработка;11;3;Другое;306;2;Мужской;47;3;3;Инженер;4;В разводе;2185;1;Да;Да;14;3;3;40;3;10;1;3;10
29;Да;Готов к командировкам;Разработка;18;1;Экономическое;315;3;Мужской;86;2;1;Разработчик;4;Одинок;2389;1;Да;Да;13;3;3;40;0;4;3;2;4
33;Да;Готов к командировкам;Разработка;14;3;Экономическое;325;3;Мужской;58;3;1;Стажер;4;Женат/Замужем;2436;5;Да;Да;13;3;3;40;1;8;2;1;5
43;Нет;Готов к командировкам;Сопровождение;16;3;Педагорическое;327;4;Женский;80;3;4;Менеджер;4;Married;6064;5;Да;Да;22;4;3;80;1;22;3;3;17
52;Нет;Не готов к комендировкам;Сопровождение;2;4;Техническое;329;1;Мужской;79;2;5;Менеджер;3;Single;9068;1;Да;Да;18;3;4;80;0;33;2;4;33
32;Да;Готов к командировкам;Разработка;1;3;Техническое;331;4;Мужской;62;2;1;Стажер;3;Одинок;3730;0;Да;Да;14;3;4;40;0;4;2;1;3
42;Нет;Готов к командировкам;Разработка;17;2;Техническое;347;4;Женский;82;4;2;Разработчик;1;Одинок;6545;3;Да;Да;13;3;3;40;0;10;1;3;3
42;Нет;Готов к командировкам;Разработка;2;3;Экономическое;351;4;Женский;56;2;1;Стажер;1;В разводе;2593;0;Да;Да;11;3;3;40;1;10;4;3;9
46;Нет;Готов к командировкам;Сопровождение;2;3;Степень к.т.н;363;3;Женский;75;1;4;Менеджер;2;Married;6872;3;Да;Да;12;3;2;80;1;28;2;2;7
45;Нет;Готов к командировкам;Разработка;20;2;Экономическое;372;3;Мужской;79;3;4;Разработчик БД;4;Женат/Замужем;3496;0;Да;Да;14;3;2;40;0;21;2;3;20
55;Нет;Готов к командировкам;Разработка;1;3;Экономическое;374;4;Мужской;81;3;5;Менеджер;1;Одинок;9045;0;Да;Да;14;3;3;40;0;37;2;3;36
47;Да;Не готов к комендировкам;Разработка;29;4;Техническое;376;1;Мужской;88;3;3;Менеджер;2;Женат/Замужем;8049;1;Да;Да;12;3;4;40;1;10;2;2;10
37;Нет;Не готов к комендировкам;Разработка;1;4;Экономическое;340;1;Женский;40;3;3;Инженер;4;В разводе;3603;2;Да;Да;18;3;1;40;2;15;2;3;5
38;Нет;Готов к командировкам;Сопровождение;7;2;Экономическое;382;1;Женский;44;4;2;Специалист технической поддержки;1;Divorced;5605;1;Да;Да;24;4;3;80;1;8;3;3;8
53;Нет;Готов к командировкам;Разработка;3;4;Экономическое;386;3;Мужской;45;3;4;Инженер;3;Женат/Замужем;7584;3;Да;Да;16;3;4;40;3;21;5;2;5
55;Нет;Готов к командировкам;Разработка;20;2;Степень к.т.н;389;2;Мужской;37;3;2;Стажер;4;Женат/Замужем;5415;3;Да;Да;19;3;4;40;1;12;4;3;10
26;Нет;Не готов к комендировкам;Разработка;11;2;Экономическое;390;1;Мужской;60;3;2;Разработчик БД;1;Женат/Замужем;4741;1;Да;Да;13;3;3;40;1;5;3;3;5
44;Да;Не готов к комендировкам;Разработка;24;3;Техническое;392;4;Мужской;43;3;1;Стажер;3;В разводе;3161;3;Да;Да;22;4;4;40;1;19;0;1;1
26;Да;Готов к командировкам;Разработка;16;4;Экономическое;394;1;Мужской;45;3;1;Стажер;2;В разводе;2373;2;Да;Да;13;3;4;40;1;5;2;3;3
49;Нет;Не готов к комендировкам;Разработка;10;4;Техническое;396;3;Женский;35;3;5;Инженер;1;Одинок;8665;9;Да;Да;11;3;4;40;0;22;4;3;3
26;Да;Готов к командировкам;Сопровождение;4;4;Педагорическое;401;4;Мужской;48;2;2;Специалист технической поддержки;4;Single;5828;1;Да;Да;12;3;2;80;0;8;0;3;8
37;Нет;Не готов к комендировкам;Разработка;9;3;Экономическое;403;2;Мужской;53;3;1;Разработчик;4;Женат/Замужем;2326;1;Да;Да;12;3;3;40;3;4;3;2;4
58;Нет;Не готов к комендировкам;Разработка;1;4;Техническое;422;4;Мужской;32;1;2;Разработчик БД;3;В разводе;5660;2;Да;Да;13;3;4;40;1;12;2;3;5
31;Нет;Готов к командировкам;Разработка;5;4;Степень к.т.н;423;3;Мужской;86;3;1;Разработчик;4;Женат/Замужем;4821;0;Да;Да;12;3;3;40;1;6;4;3;5
31;Нет;Готов к командировкам;Разработка;2;4;Техническое;426;3;Мужской;32;3;1;Разработчик;4;В разводе;2695;0;Да;Да;18;3;2;40;1;3;2;1;2
39;Нет;Готов к командировкам;Разработка;10;1;Экономическое;429;3;Мужской;99;3;4;Менеджер;1;Женат/Замужем;7068;1;Да;Да;14;3;4;40;0;21;3;3;21
49;Нет;Готов к командировкам;Разработка;1;2;Степень к.т.н;431;3;Женский;90;2;4;Разработчик БД;3;Одинок;3964;7;Да;Да;12;3;4;40;0;25;2;3;7
27;Нет;Готов к командировкам;Разработка;5;3;Техническое;434;3;Женский;85;3;1;Разработчик;2;Одинок;2478;1;Да;Да;12;3;2;40;0;4;2;2;4
32;Нет;Готов к командировкам;Сопровождение;8;2;Степень к.т.н;436;3;Женский;65;2;2;Специалист технической поддержки;2;Married;5228;1;Да;Да;11;3;4;80;0;13;2;3;13
27;Нет;Готов к командировкам;Сопровождение;2;3;Техническое;437;4;Мужской;74;3;2;Специалист технической поддержки;3;Single;4478;1;Да;Да;11;3;1;80;0;5;3;3;5
28;Да;Готов к командировкам;Разработка;2;4;Экономическое;440;1;Мужской;84;1;1;Разработчик;4;Женат/Замужем;3464;5;Да;Да;13;3;4;40;0;5;4;2;3
39;Да;Готов к командировкам;Сопровождение;3;2;Экономическое;445;4;Женский;41;3;2;Специалист технической поддержки;3;Married;5238;4;Да;Да;18;3;1;80;0;12;3;2;1
27;Нет;Не готов к комендировкам;Сопровождение;1;1;Педагорическое;449;3;Мужской;73;3;2;Специалист технической поддержки;2;Married;6349;0;Да;Да;13;3;4;80;1;6;0;3;5
40;Нет;Готов к командировкам;Сопровождение;1;2;Экономическое;453;2;Мужской;57;1;2;Специалист технической поддержки;4;Married;7457;2;Да;Да;22;4;3;80;3;6;2;2;4
29;Да;Готов к командировкам;Разработка;8;4;Другое;454;2;Мужской;77;1;1;Стажер;1;Женат/Замужем;2119;1;Да;Да;11;3;4;40;0;7;4;2;7
38;Нет;Готов к командировкам;Разработка;15;2;Техническое;461;3;Мужской;92;2;3;Инженер;4;В разводе;1510;0;Да;Да;14;3;2;40;1;12;3;3;11
31;Нет;Готов к командировкам;Разработка;7;4;Экономическое;462;3;Женский;39;3;3;ТимЛид;4;Одинок;7143;1;Да;Да;14;3;3;40;0;11;2;2;11
29;Нет;Готов к командировкам;Сопровождение;10;1;Педагорическое;463;4;Женский;39;2;2;Специалист технической поддержки;2;Divorced;8268;1;Да;Да;14;3;1;80;2;7;2;3;7
41;Нет;Готов к командировкам;Разработка;6;3;Экономическое;466;4;Мужской;95;2;2;ТимЛид;2;Одинок;6032;6;Да;Да;15;3;4;40;0;8;3;3;5
42;Нет;Готов к командировкам;Производство;2;1;Степень к.т.н;470;3;Мужской;52;3;1;Бизнес-анализ;3;Divorced;2696;0;Да;Да;11;3;3;80;1;4;5;3;3
37;Нет;Готов к командировкам;Разработка;6;3;Экономическое;474;3;Мужской;51;4;2;Разработчик;1;В разводе;5974;4;Да;Да;13;3;1;40;2;13;2;3;7
30;Нет;Не готов к комендировкам;Сопровождение;25;2;Степень к.т.н;475;4;Женский;85;3;2;Специалист технической поддержки;3;Married;4736;7;Да;Да;12;3;2;80;1;4;2;4;2
21;Да;Не готов к комендировкам;Сопровождение;1;1;Степень к.т.н;478;1;Женский;99;2;1;Аналитик сопровождения;2;Single;2174;1;Да;Да;11;3;3;80;0;3;3;3;3
40;Нет;Готов к командировкам;Разработка;10;4;Техническое;483;4;Женский;46;4;1;Стажер;3;Женат/Замужем;2213;3;Да;Да;13;3;3;40;1;10;3;3;7
33;Да;Готов к командировкам;Сопровождение;5;3;Педагорическое;485;4;Женский;34;3;1;Аналитик сопровождения;3;Single;2851;1;Да;Да;13;3;2;80;0;1;2;3;1
40;Да;Готов к командировкам;Сопровождение;22;2;Педагорическое;492;3;Мужской;68;2;2;Специалист технической поддержки;3;Married;6380;2;Да;Да;12;3;1;80;2;8;6;3;6
31;Нет;Готов к командировкам;Разработка;9;4;Техническое;493;3;Мужской;42;2;1;Разработчик;2;Одинок;2657;0;Да;Да;16;3;4;40;0;3;5;3;2
34;Да;Не готов к комендировкам;Сопровождение;19;3;Педагорическое;502;1;Мужской;67;4;2;Специалист технической поддержки;4;Single;5304;8;Да;Да;13;3;2;80;0;9;3;2;5
55;Нет;Готов к командировкам;Разработка;2;3;Техническое;505;3;Женский;97;3;4;Менеджер;4;Одинок;6659;2;Да;Да;13;3;3;40;0;30;2;3;5
24;Нет;Готов к командировкам;Сопровождение;10;4;Педагорическое;507;4;Женский;77;3;2;Специалист технической поддержки;3;Divorced;4260;1;Да;Да;12;3;4;80;1;5;2;4;5
30;Да;Не готов к комендировкам;Разработка;4;3;Степень к.т.н;514;3;Мужской;40;3;1;Разработчик;4;Одинок;2285;9;Да;Да;23;4;3;40;0;3;4;3;1
37;Нет;Готов к командировкам;Разработка;10;4;Техническое;518;3;Мужской;49;3;2;ТимЛид;2;Одинок;4197;2;Да;Да;12;3;4;40;0;18;2;2;1
43;Нет;Готов к командировкам;Разработка;8;4;Другое;526;3;Женский;74;3;2;Разработчик БД;3;В разводе;4522;4;Да;Да;14;3;4;40;0;8;3;3;5
25;Нет;Готов к командировкам;Сопровождение;4;2;Техническое;527;2;Женский;99;2;2;Специалист технической поддержки;4;Single;4487;1;Да;Да;11;3;2;80;0;5;3;3;5
37;Нет;Не готов к комендировкам;Разработка;25;5;Экономическое;529;2;Женский;72;3;2;Разработчик;3;Женат/Замужем;4449;3;Да;Да;15;3;1;40;2;15;2;3;13
39;Нет;Не готов к комендировкам;Разработка;1;1;Техническое;531;2;Мужской;52;3;5;Менеджер;3;В разводе;9197;1;Да;Да;14;3;3;40;1;21;3;3;21
52;Нет;Готов к командировкам;Разработка;3;3;Экономическое;543;4;Мужской;39;2;3;ТимЛид;3;Женат/Замужем;7969;2;Да;Да;14;3;3;40;0;28;4;3;5
24;Да;Готов к командировкам;Сопровождение;1;1;Степень к.т.н;554;1;Женский;62;3;1;Аналитик сопровождения;2;Single;3202;1;Да;Да;16;3;2;80;0;6;4;3;5
38;Нет;Не готов к комендировкам;Разработка;2;2;Техническое;556;4;Мужской;42;3;1;Стажер;4;Женат/Замужем;1702;1;Да;Да;23;4;3;40;1;1;3;3;1
46;Нет;Готов к командировкам;Сопровождение;10;3;Педагорическое;580;3;Женский;94;2;3;Специалист технической поддержки;4;Married;9071;2;Да;Да;19;3;3;80;1;15;3;3;3
33;Да;Готов к командировкам;Разработка;15;1;Экономическое;582;2;Мужской;56;3;3;Менеджер;3;Женат/Замужем;3610;7;Да;Да;12;3;4;40;0;15;2;4;7
35;Нет;Готов к командировкам;Разработка;16;3;Техническое;586;4;Мужской;72;3;3;Разработчик БД;3;Женат/Замужем;7632;4;Да;Да;12;3;3;40;0;10;2;3;8
34;Да;Не готов к комендировкам;Производство;23;3;Техническое;590;2;Женский;43;3;3;Техническое;1;Divorced;9950;9;Да;Да;15;3;3;80;3;11;2;3;3
31;Нет;Готов к командировкам;Сопровождение;2;1;Техническое;604;2;Мужской;77;3;2;Специалист технической поддержки;4;Single;6582;4;Да;Да;13;3;3;80;0;10;2;4;6
42;Нет;Готов к командировкам;Разработка;24;3;Экономическое;605;4;Мужской;56;3;3;ТимЛид;1;Женат/Замужем;7406;1;Да;Да;21;4;4;40;1;10;5;2;10
26;Да;Не готов к комендировкам;Производство;17;4;Техническое;608;2;Женский;58;3;1;Бизнес-анализ;3;Divorced;2741;0;Да;Да;11;3;2;80;1;8;2;2;7
18;Да;Не готов к комендировкам;Сопровождение;5;3;Педагорическое;614;2;Мужской;69;3;1;Аналитик сопровождения;2;Single;1878;1;Да;Да;14;3;4;80;0;0;3;3;0
41;Нет;Не готов к комендировкам;Разработка;2;4;Другое;616;1;Женский;62;2;2;Разработчик БД;3;Одинок;6811;2;Да;Да;17;3;1;40;0;10;3;3;8
26;Да;Готов к командировкам;Разработка;24;3;Степень к.т.н;622;3;Мужской;66;1;1;Стажер;4;Одинок;2340;1;Да;Да;18;3;2;40;0;1;3;1;1
52;Нет;Готов к командировкам;Разработка;6;2;Степень к.т.н;630;4;Мужской;78;3;2;Разработчик;1;В разводе;5577;3;Да;Да;12;3;2;40;2;18;3;3;10
49;Нет;Готов к командировкам;Разработка;18;4;Техническое;638;4;Мужской;58;2;5;Инженер;3;В разводе;9502;1;Да;Да;17;3;3;40;1;31;5;3;31
24;Нет;Готов к командировкам;Разработка;23;3;Экономическое;639;2;Мужской;89;4;1;Разработчик;4;Женат/Замужем;2725;1;Да;Да;11;3;2;40;2;6;3;3;6
24;Да;Не готов к комендировкам;Разработка;7;3;Техническое;647;1;Женский;55;3;1;Стажер;3;Женат/Замужем;2886;1;Да;Да;16;3;4;40;1;6;4;3;6
34;Нет;Готов к командировкам;Разработка;1;2;Техническое;649;2;Мужской;83;2;1;Разработчик;4;Женат/Замужем;3622;1;Да;Да;13;3;4;40;1;6;3;3;6
37;Нет;Готов к командировкам;Сопровождение;2;3;Педагорическое;656;4;Мужской;75;3;2;Специалист технической поддержки;3;Married;9602;4;Да;Да;11;3;3;80;1;17;3;2;3
43;Нет;Готов к командировкам;Разработка;6;4;Другое;661;2;Мужской;50;2;4;Инженер;4;В разводе;6627;4;Да;Да;14;3;3;40;1;21;3;2;1
43;Нет;Не готов к комендировкам;Разработка;9;5;Экономическое;663;4;Мужской;72;3;2;Стажер;3;В разводе;5679;3;Да;Да;13;3;2;40;1;10;3;3;8
34;Нет;Готов к командировкам;Сопровождение;14;3;Степень к.т.н;666;3;Женский;31;3;1;Аналитик сопровождения;3;Divorced;2579;1;Да;Да;18;3;4;80;2;8;3;3;8
44;Нет;Готов к командировкам;Разработка;3;4;Другое;671;4;Мужской;35;3;5;Менеджер;4;Женат/Замужем;9513;4;Да;Да;12;3;1;40;1;26;2;4;2
32;Нет;Готов к командировкам;Разработка;9;4;Техническое;679;1;Женский;92;3;2;Разработчик;4;Женат/Замужем;6322;1;Да;Да;12;3;4;40;1;6;2;2;6
26;Нет;Готов к командировкам;Разработка;6;3;Техническое;686;3;Женский;71;3;1;Стажер;4;Женат/Замужем;2659;1;Да;Да;13;3;3;40;1;3;2;3;3
36;Нет;Готов к командировкам;Разработка;9;2;Экономическое;699;2;Мужской;48;2;2;ТимЛид;2;В разводе;8847;2;Да;Да;11;3;3;40;1;13;2;3;3
20;Да;Готов к командировкам;Разработка;10;1;Экономическое;701;4;Мужской;32;3;1;Разработчик;3;Одинок;1009;1;Да;Да;11;3;4;40;0;1;5;3;1
33;Да;Не готов к комендировкам;Разработка;3;3;Техническое;702;1;Мужской;70;3;1;Разработчик;1;Одинок;3348;1;Да;Да;11;3;1;40;0;10;3;3;10
27;Нет;Не готов к комендировкам;Сопровождение;3;1;Экономическое;714;4;Женский;71;4;2;Специалист технической поддержки;4;Divorced;4647;1;Да;Да;20;4;2;80;2;6;3;3;6
50;Нет;Готов к командировкам;Разработка;28;1;Экономическое;716;4;Мужской;74;4;1;Стажер;3;Женат/Замужем;3221;1;Да;Да;11;3;3;40;3;20;3;3;20
50;Да;Не готов к комендировкам;Сопровождение;8;2;Степень к.т.н;723;2;Мужской;50;3;2;Специалист технической поддержки;3;Married;6796;3;Да;Да;14;3;1;80;1;18;4;3;4
40;Нет;Не готов к комендировкам;Сопровождение;5;4;Техническое;729;4;Мужской;48;2;3;Специалист технической поддержки;1;Married;1475;5;Да;Да;21;4;3;80;1;20;2;3;18
28;Да;Готов к командировкам;Разработка;1;2;Техническое;741;1;Женский;67;1;1;Разработчик;2;Одинок;2216;7;Да;Да;13;3;4;40;0;10;4;3;7
38;Нет;Готов к командировкам;Разработка;1;3;Техническое;743;3;Женский;81;3;3;ТимЛид;3;Одинок;7861;4;Да;Да;14;3;4;40;0;10;4;4;1
47;Нет;Не готов к комендировкам;Сопровождение;3;3;Экономическое;746;4;Женский;49;3;4;Специалист технической поддержки;3;Divorced;3770;9;Да;Да;12;3;4;80;2;28;2;2;22
42;Да;Не готов к комендировкам;Разработка;19;3;Экономическое;752;3;Мужской;57;4;1;Разработчик;3;В разводе;2759;6;Да;Да;12;3;4;40;0;7;2;3;2
40;Нет;Готов к командировкам;Разработка;2;1;Экономическое;763;4;Женский;86;2;1;Разработчик;4;Одинок;2342;0;Да;Да;20;4;4;40;0;5;2;2;4
38;Нет;Готов к командировкам;Разработка;2;5;Экономическое;773;4;Мужской;92;3;1;Разработчик;3;Женат/Замужем;3057;6;Да;Да;13;3;2;40;1;6;0;1;1
33;Да;Готов к командировкам;Разработка;1;4;Другое;740;4;Мужской;63;3;1;Разработчик;4;Одинок;2686;1;Да;Да;13;3;3;40;0;10;2;2;10
47;Да;Не готов к комендировкам;Сопровождение;27;2;Техническое;785;2;Женский;77;4;2;Специалист технической поддержки;3;Single;6397;4;Да;Да;12;3;4;80;0;8;2;3;5
55;Да;Готов к командировкам;Разработка;2;3;Экономическое;787;4;Мужской;78;3;5;Менеджер;1;Женат/Замужем;9859;5;Да;Да;13;3;4;40;1;24;2;3;5
54;Нет;Готов к командировкам;Разработка;19;4;Экономическое;799;4;Женский;95;3;2;ТимЛид;1;В разводе;5485;9;Да;Да;11;3;2;40;2;9;4;3;5
37;Нет;Готов к командировкам;Разработка;10;1;Техническое;402;4;Женский;82;3;1;Разработчик;1;В разводе;2782;0;Да;Да;13;3;2;40;2;6;3;2;5
38;Нет;Не готов к комендировкам;Разработка;2;4;Техническое;403;1;Женский;75;4;2;ТимЛид;1;Одинок;5940;6;Да;Да;12;3;4;40;0;17;2;3;15
23;Да;Готов к командировкам;Разработка;6;3;Техническое;811;3;Мужской;63;4;1;Стажер;1;Женат/Замужем;1601;1;Да;Да;21;4;3;40;2;1;2;3;0
29;Да;Готов к командировкам;Разработка;1;2;Техническое;816;2;Женский;36;2;1;Стажер;1;Женат/Замужем;2319;1;Да;Да;11;3;4;40;1;1;1;3;1
47;Нет;Готов к командировкам;Разработка;2;2;Другое;820;3;Женский;33;3;4;Менеджер;4;Женат/Замужем;6752;1;Да;Да;11;3;3;40;1;26;3;2;26
58;Да;Готов к командировкам;Разработка;2;4;Техническое;825;4;Мужской;31;3;5;Инженер;2;Одинок;9246;7;Да;Да;12;3;4;40;0;40;2;3;31
42;Нет;Готов к командировкам;Разработка;1;2;Техническое;827;4;Женский;43;2;2;ТимЛид;4;Женат/Замужем;6062;9;Да;Да;13;3;4;40;1;8;4;3;4
30;Нет;Готов к командировкам;Разработка;2;3;Экономическое;833;3;Женский;52;2;2;ТимЛид;4;Одинок;6877;5;Да;Да;24;4;2;40;0;12;4;2;0
27;Нет;Готов к командировкам;Разработка;5;1;Степень к.т.н;844;3;Мужской;42;2;3;Инженер;4;В разводе;2408;1;Да;Да;16;3;2;40;1;9;3;3;9
28;Нет;Готов к командировкам;Сопровождение;2;4;Педагорическое;846;2;Женский;81;3;2;Специалист технической поддержки;2;Married;4779;1;Да;Да;20;4;1;80;0;8;2;3;8
26;Да;Не готов к комендировкам;Разработка;5;2;Экономическое;848;3;Женский;88;2;1;Разработчик;3;Женат/Замужем;2366;1;Да;Да;14;3;1;40;1;8;2;3;8
36;Нет;Готов к командировкам;Сопровождение;1;2;Техническое;857;2;Мужской;56;3;2;Специалист технической поддержки;4;Married;6201;1;Да;Да;14;3;4;80;1;18;1;2;18
53;Нет;Готов к командировкам;Сопровождение;7;2;Педагорическое;862;1;Женский;78;2;3;Специалист технической поддержки;4;Married;1934;7;Да;Да;18;3;4;80;1;35;3;3;5
45;Нет;Готов к командировкам;Сопровождение;9;3;Педагорическое;864;4;Мужской;74;3;3;Специалист технической поддержки;1;Divorced;1761;4;Да;Да;12;3;3;80;1;18;2;3;5
44;Нет;Готов к командировкам;Разработка;8;4;Техническое;874;1;Мужской;62;4;1;Стажер;4;Женат/Замужем;2818;2;Да;Да;24;4;3;40;1;10;2;2;3
42;Нет;Не готов к комендировкам;Разработка;2;1;Экономическое;875;2;Мужской;35;3;1;Разработчик;4;Одинок;2515;5;Да;Да;14;3;4;40;0;8;2;3;2
25;Нет;Готов к командировкам;Сопровождение;3;1;Другое;879;3;Мужской;98;3;2;Специалист технической поддержки;1;Married;4194;1;Да;Да;18;3;4;80;0;5;3;3;5
35;Нет;Готов к командировкам;Разработка;9;3;Техническое;840;4;Женский;66;2;3;ТимЛид;3;Женат/Замужем;10685;1;Да;Да;20;4;2;40;1;17;2;3;17
35;Да;Не готов к комендировкам;Разработка;25;4;Техническое;881;4;Женский;96;3;1;Разработчик;2;В разводе;2022;1;Да;Да;19;3;1;40;1;10;3;2;10
42;Нет;Готов к командировкам;Разработка;3;3;Техническое;894;3;Женский;95;4;2;Стажер;4;Женат/Замужем;5231;2;Да;Да;13;3;2;40;1;17;1;2;5
31;Нет;Готов к командировкам;Разработка;11;4;Техническое;895;4;Мужской;48;3;1;Разработчик;4;Женат/Замужем;2356;3;Да;Да;19;3;2;40;1;8;2;3;6
29;Да;Готов к командировкам;Сопровождение;1;3;Экономическое;896;2;Женский;48;2;1;Аналитик сопровождения;3;Divorced;2800;6;Да;Да;19;3;3;80;3;5;3;3;3
47;Нет;Готов к командировкам;Сопровождение;2;2;Педагорическое;903;3;Женский;35;3;2;Специалист технической поддержки;4;Married;4537;0;Да;Да;22;4;1;80;1;8;2;3;7
37;Нет;Не готов к комендировкам;Сопровождение;19;2;Экономическое;904;1;Мужской;32;3;3;Специалист технической поддержки;2;Single;7642;1;Да;Да;13;3;4;80;0;10;2;3;10
33;Нет;Готов к командировкам;Производство;3;2;Техническое;910;4;Мужской;57;3;1;Техническое;2;Divorced;2277;3;Да;Да;11;3;3;80;1;7;4;4;4
32;Да;Готов к командировкам;Разработка;25;4;Техническое;911;1;Мужской;87;3;1;Стажер;4;Одинок;2795;1;Да;Да;24;4;3;40;0;1;2;1;1
44;Нет;Готов к командировкам;Разработка;9;2;Техническое;913;2;Мужской;61;3;1;Разработчик;1;Женат/Замужем;2559;1;Да;Да;13;3;4;40;0;8;0;3;8
58;Да;Не готов к комендировкам;Разработка;2;1;Техническое;918;4;Мужской;57;2;1;Стажер;4;В разводе;2340;9;Да;Да;14;3;4;40;1;3;3;2;1
36;Нет;Готов к командировкам;Разработка;14;1;Техническое;924;3;Мужской;68;3;2;Разработчик БД;4;Женат/Замужем;6586;0;Да;Да;17;3;1;40;1;17;2;2;16
47;Нет;Готов к командировкам;Сопровождение;2;4;Техническое;925;4;Женский;65;2;1;Аналитик сопровождения;4;Single;3294;1;Да;Да;18;3;1;80;0;3;3;2;3
22;Да;Готов к командировкам;Разработка;3;1;Техническое;926;2;Женский;34;3;2;ТимЛид;3;Женат/Замужем;4171;0;Да;Да;19;3;1;40;1;4;3;4;3
41;Да;Готов к командировкам;Разработка;2;4;Техническое;927;2;Женский;57;1;1;Стажер;4;В разводе;2778;4;Да;Да;13;3;3;40;1;10;1;2;7
39;Да;Готов к командировкам;Разработка;6;3;Экономическое;932;4;Мужской;70;3;1;Стажер;1;Женат/Замужем;2404;7;Да;Да;21;4;4;40;0;8;2;1;2
33;Нет;Готов к командировкам;Разработка;1;4;Другое;939;3;Мужской;100;2;1;Разработчик;1;Одинок;2799;3;Да;Да;11;3;2;40;0;6;1;3;3
58;Нет;Готов к командировкам;Разработка;5;3;Степень к.т.н;940;3;Женский;37;2;3;Разработчик БД;2;В разводе;10552;2;Да;Да;13;3;4;40;1;24;3;3;6
35;Нет;Готов к командировкам;Разработка;21;1;Техническое;942;4;Женский;51;3;2;Разработчик БД;4;Женат/Замужем;4014;1;Да;Да;25;4;4;40;1;10;2;1;10
25;Да;Готов к командировкам;Сопровождение;19;2;Педагорическое;952;3;Мужской;36;2;1;Аналитик сопровождения;2;Married;2413;1;Да;Да;18;3;3;80;3;1;2;3;1
41;Нет;Готов к командировкам;Разработка;6;3;Экономическое;957;4;Мужской;59;3;1;Стажер;1;Одинок;4721;2;Да;Да;13;3;3;40;0;20;3;3;18
19;Да;Готов к командировкам;Сопровождение;21;3;Другое;959;4;Мужской;37;2;1;Аналитик сопровождения;2;Single;2121;1;Да;Да;13;3;2;80;0;1;3;4;1
31;Нет;Готов к командировкам;Разработка;12;3;Экономическое;961;4;Женский;41;3;2;Разработчик БД;4;Женат/Замужем;5855;0;Да;Да;11;3;3;40;2;10;2;1;9
40;Нет;Не готов к комендировкам;Разработка;9;4;Экономическое;964;4;Мужской;35;3;1;Разработчик;2;В разводе;3617;8;Да;Да;14;3;4;40;1;3;2;3;1
36;Да;Готов к командировкам;Сопровождение;3;1;Техническое;967;3;Мужской;51;2;3;Специалист технической поддержки;4;Married;1325;1;Да;Да;11;3;1;80;1;16;6;3;16
38;Нет;Не готов к комендировкам;Сопровождение;10;3;Степень к.т.н;983;3;Женский;85;3;2;Специалист технической поддержки;4;Single;5666;1;Да;Да;13;3;2;80;0;6;1;3;5
40;Да;Не готов к комендировкам;Сопровождение;24;3;Техническое;986;2;Женский;100;4;4;Специалист технической поддержки;2;Single;3194;4;Да;Да;16;3;4;80;0;22;2;2;1
47;Нет;Не готов к комендировкам;Разработка;16;4;Экономическое;987;3;Мужской;64;4;2;ТимЛид;3;В разводе;5067;1;Да;Да;19;3;3;40;0;20;3;4;19
31;Да;Не готов к комендировкам;Разработка;9;2;Экономическое;991;3;Мужской;46;2;1;Разработчик;1;Одинок;2321;0;Да;Да;22;4;1;40;0;4;0;3;3
29;Да;Готов к командировкам;Разработка;10;3;Техническое;994;4;Женский;92;2;1;Разработчик;1;Одинок;2404;6;Да;Да;20;4;3;40;0;3;5;3;0
33;Нет;Не готов к комендировкам;Разработка;1;4;Другое;998;3;Женский;84;4;2;Разработчик БД;2;Женат/Замужем;5488;1;Да;Да;13;3;1;40;1;6;2;3;6
45;Нет;Не готов к комендировкам;Разработка;23;2;Техническое;1002;4;Мужской;42;3;2;Стажер;1;Женат/Замужем;3633;1;Да;Да;15;3;3;40;1;9;2;3;9
47;Нет;Готов к командировкам;Сопровождение;4;2;Техническое;1003;4;Женский;83;3;2;Специалист технической поддержки;4;Single;4163;1;Да;Да;17;3;3;80;0;9;0;3;9
30;Да;Готов к командировкам;Разработка;22;3;Техническое;1004;1;Женский;48;3;1;Разработчик;3;Женат/Замужем;2132;4;Да;Да;11;3;2;40;0;7;2;3;5
50;Нет;Готов к командировкам;Разработка;24;3;Техническое;1005;4;Мужской;95;3;4;ТимЛид;3;Женат/Замужем;13973;3;Да;Да;18;3;4;40;1;22;2;3;12
35;Да;Готов к командировкам;Разработка;14;4;Другое;1010;3;Мужской;39;2;1;Стажер;2;В разводе;3743;1;Да;Да;24;4;4;40;1;5;2;1;4
35;Нет;Готов к командировкам;Разработка;25;4;Экономическое;1014;3;Женский;57;3;3;Разработчик БД;3;В разводе;10388;1;Да;Да;11;3;3;40;1;16;3;2;16
30;Нет;Готов к командировкам;Разработка;8;2;Техническое;1015;2;Женский;73;4;3;Инженер;1;Женат/Замужем;4116;0;Да;Да;12;3;3;40;3;9;4;2;8
20;Да;Готов к командировкам;Разработка;11;3;Экономическое;1016;4;Женский;98;2;1;Разработчик;1;Одинок;2600;1;Да;Да;15;3;1;40;0;1;2;3;1
59;Нет;Готов к командировкам;Разработка;2;3;Техническое;1032;3;Женский;69;2;4;ТимЛид;4;Одинок;13726;3;Да;Да;13;3;1;40;0;30;4;3;5
55;Нет;Не готов к комендировкам;Разработка;18;4;Экономическое;1034;3;Мужской;62;3;2;Разработчик БД;2;Женат/Замужем;6385;3;Да;Да;14;3;4;40;2;17;3;3;8
38;Нет;Готов к командировкам;Сопровождение;3;4;Техническое;1036;2;Мужской;42;3;2;Специалист технической поддержки;4;Single;6861;8;Да;Да;12;3;3;80;0;19;1;3;1
44;Нет;Готов к командировкам;Сопровождение;28;3;Экономическое;1039;4;Женский;53;4;4;Специалист технической поддержки;4;Married;3320;3;Да;Да;18;3;3;80;1;23;2;3;12
39;Нет;Не готов к комендировкам;Разработка;22;3;Экономическое;1043;4;Женский;82;3;3;ТимЛид;1;Одинок;10840;1;Да;Да;13;3;3;40;0;21;2;3;21
59;Нет;Готов к командировкам;Сопровождение;1;2;Степень к.т.н;1048;2;Мужской;66;3;3;Менеджер;4;Married;11904;3;Да;Да;14;3;3;80;1;14;1;1;6
26;Да;Не готов к комендировкам;Разработка;2;3;Техническое;1053;1;Мужской;57;3;1;Разработчик;1;Женат/Замужем;2042;6;Да;Да;14;3;2;40;1;6;2;3;3
34;Нет;Готов к командировкам;Сопровождение;10;4;Техническое;1055;3;Женский;87;3;1;Аналитик сопровождения;3;Married;2220;1;Да;Да;19;3;4;80;1;1;2;3;1
50;Нет;Готов к командировкам;Разработка;2;4;Экономическое;1061;2;Мужской;62;3;5;Инженер;3;Женат/Замужем;9237;2;Да;Да;11;3;4;40;1;29;2;2;8
20;Да;Не готов к комендировкам;Сопровождение;9;3;Педагорическое;1077;4;Женский;54;3;1;Аналитик сопровождения;4;Single;2323;1;Да;Да;14;3;2;80;0;2;3;3;2
46;Нет;Готов к командировкам;Разработка;8;4;Техническое;1040;4;Женский;74;2;2;Разработчик;1;В разводе;4615;8;Да;Да;23;4;1;40;3;19;2;3;16
51;Да;Готов к командировкам;Разработка;4;4;Техническое;1081;1;Мужской;34;3;1;Разработчик;3;Женат/Замужем;2461;9;Да;Да;12;3;3;40;3;18;2;4;10
35;Да;Готов к командировкам;Сопровождение;4;3;Степень к.т.н;1100;4;Мужской;86;3;3;Специалист технической поддержки;1;Single;9582;0;Да;Да;22;4;1;80;0;9;2;3;8
37;Нет;Готов к командировкам;Сопровождение;10;4;Техническое;1105;4;Женский;88;2;2;Специалист технической поддержки;4;Divorced;6694;2;Да;Да;14;3;3;80;3;8;5;3;1
25;Да;Готов к командировкам;Разработка;4;1;Степень к.т.н;1106;4;Мужской;32;3;1;Стажер;4;Женат/Замужем;3691;1;Да;Да;15;3;2;40;1;7;3;4;7
33;Да;Готов к командировкам;Разработка;25;3;Экономическое;1108;1;Мужской;55;2;1;Разработчик;2;Одинок;2313;4;Да;Да;20;4;2;40;0;5;0;3;2
50;Да;Не готов к комендировкам;Сопровождение;1;4;Другое;1113;4;Мужской;81;3;2;Специалист технической поддержки;3;Single;4728;3;Да;Да;14;3;4;80;0;5;4;3;0
38;Нет;Готов к командировкам;Сопровождение;10;4;Педагорическое;1119;3;Мужской;73;2;3;Специалист технической поддержки;3;Divorced;8740;0;Да;Да;14;3;2;80;2;9;2;3;8
21;Нет;Готов к командировкам;Разработка;1;1;Степень к.т.н;1131;4;Женский;70;2;1;Разработчик;2;Одинок;2070;1;Да;Да;11;3;3;40;0;2;6;4;2
29;Нет;Готов к командировкам;Разработка;8;1;Экономическое;1150;2;Мужской;79;2;2;ТимЛид;4;Женат/Замужем;5056;1;Да;Да;15;3;3;40;1;10;2;2;10
28;Нет;Не готов к комендировкам;Разработка;6;3;Техническое;1154;3;Мужской;39;2;1;Разработчик;3;В разводе;2703;1;Да;Да;14;3;4;40;1;3;2;3;3
33;Да;Готов к командировкам;Сопровождение;9;4;Педагорическое;1157;1;Женский;77;3;2;Специалист технической поддержки;1;Single;8224;0;Да;Да;17;3;1;80;0;6;3;3;5
41;Нет;Готов к командировкам;Разработка;12;4;Техническое;1158;2;Мужской;46;3;1;Стажер;4;Женат/Замужем;4766;3;Да;Да;11;3;1;40;1;6;4;3;1
42;Да;Не готов к комендировкам;Сопровождение;12;3;Техническое;1167;3;Мужской;44;3;4;Специалист технической поддержки;1;Single;3758;0;Да;Да;12;3;2;80;0;22;2;2;21
28;Да;Готов к командировкам;Разработка;12;1;Техническое;1175;3;Женский;79;3;1;Стажер;4;Женат/Замужем;2515;1;Да;Да;11;3;4;40;0;1;4;2;1
40;Нет;Не готов к комендировкам;Разработка;26;2;Экономическое;1140;3;Женский;92;2;2;Разработчик;4;Женат/Замужем;4422;3;Да;Да;13;3;4;40;1;16;3;1;1
45;Нет;Готов к командировкам;Разработка;7;3;Экономическое;1195;1;Женский;83;3;1;Разработчик;3;Женат/Замужем;4477;4;Да;Да;19;3;3;40;1;7;2;2;3
44;Да;Готов к командировкам;Разработка;10;4;Техническое;1200;3;Мужской;96;3;1;Разработчик;3;Одинок;2936;1;Да;Да;11;3;3;40;0;6;4;3;6
29;Нет;Готов к командировкам;Разработка;15;1;Техническое;1202;2;Женский;69;1;1;Разработчик;4;Женат/Замужем;2168;0;Да;Да;18;3;1;40;1;6;2;2;5
22;Да;Не готов к комендировкам;Разработка;3;4;Техническое;1203;3;Мужской;48;2;1;Разработчик;4;Женат/Замужем;2853;0;Да;Да;11;3;2;40;1;1;5;3;0
35;Нет;Готов к командировкам;Сопровождение;17;4;Техническое;1218;3;Мужской;94;3;2;Специалист технической поддержки;1;Married;8966;3;Да;Да;15;3;4;80;3;15;2;3;7
60;Нет;Готов к командировкам;Сопровождение;7;4;Педагорическое;1233;2;Мужской;52;4;2;Специалист технической поддержки;4;Divorced;5220;0;Да;Да;18;3;2;80;1;12;3;3;11
32;Нет;Не готов к комендировкам;Разработка;2;2;Техническое;1235;4;Женский;38;3;2;Разработчик;3;Одинок;4998;4;Да;Да;14;3;4;40;0;10;2;3;8
36;Нет;Готов к командировкам;Разработка;1;3;Степень к.т.н;1237;3;Женский;77;1;3;ТимЛид;1;В разводе;10252;2;Да;Да;21;4;3;40;1;17;2;3;7
30;Нет;Готов к командировкам;Разработка;1;3;Экономическое;1241;4;Мужской;63;3;1;Разработчик;2;Женат/Замужем;3579;0;Да;Да;21;4;1;40;1;12;2;3;11
42;Нет;Не готов к комендировкам;Разработка;26;5;Экономическое;1242;1;Женский;60;3;3;Инженер;1;Женат/Замужем;3191;3;Да;Да;17;3;3;40;0;20;6;3;1
35;Нет;Не готов к комендировкам;Сопровождение;8;2;Педагорическое;1243;3;Женский;78;2;3;Специалист технической поддержки;4;Married;3077;4;Да;Да;11;3;2;80;1;16;6;2;13
27;Нет;Готов к командировкам;Разработка;14;3;Техническое;1244;1;Мужской;42;3;1;Разработчик;1;Женат/Замужем;2235;1;Да;Да;14;3;4;40;2;9;3;2;9
19;Да;Не готов к комендировкам;Разработка;10;3;Экономическое;1248;1;Женский;96;2;1;Разработчик;2;Одинок;1859;1;Да;Да;25;4;2;40;0;1;2;4;1
31;Нет;Готов к командировкам;Разработка;11;2;Экономическое;1251;3;Мужской;40;3;2;Разработчик БД;1;Женат/Замужем;6833;1;Да;Да;12;3;4;40;0;6;2;2;6
29;Нет;Готов к командировкам;Разработка;7;3;Техническое;1260;3;Мужской;82;3;2;Разработчик БД;4;В разводе;6623;1;Да;Да;11;3;2;40;2;6;2;3;6
33;Нет;Готов к командировкам;Сопровождение;10;5;Педагорическое;1268;4;Мужской;82;4;3;Специалист технической поддержки;3;Divorced;8380;0;Да;Да;14;3;4;80;2;10;3;3;9
19;Нет;Готов к командировкам;Разработка;25;3;Техническое;1269;2;Женский;57;4;1;Разработчик;4;Одинок;2994;1;Да;Да;12;3;4;40;0;1;2;3;1
25;Да;Не готов к комендировкам;Сопровождение;24;1;Техническое;1273;3;Мужской;73;1;1;Аналитик сопровождения;4;Single;1118;1;Да;Да;14;3;4;80;0;1;4;3;1
26;Нет;Готов к командировкам;Разработка;4;2;Техническое;1275;3;Мужской;53;3;1;Разработчик;4;Одинок;2875;1;Да;Да;20;4;2;40;0;8;2;2;8
45;Да;Готов к командировкам;Сопровождение;2;3;Педагорическое;1277;1;Женский;94;1;5;Менеджер;2;Single;8824;2;Да;Да;16;3;1;80;0;26;2;3;24
55;Нет;Не готов к комендировкам;Разработка;8;1;Экономическое;1278;4;Мужской;37;2;4;Разработчик БД;2;В разводе;3577;1;Да;Да;15;3;4;40;1;34;3;3;33
34;Нет;Готов к командировкам;Сопровождение;2;3;Педагорическое;1281;3;Женский;86;3;2;Специалист технической поддержки;1;Single;4538;0;Да;Да;12;3;4;80;0;4;3;3;3
51;Нет;Не готов к комендировкам;Сопровождение;9;3;Техническое;1282;4;Мужской;83;3;5;Менеджер;2;Divorced;9847;4;Да;Да;24;4;1;80;1;31;5;2;29
28;Нет;Не готов к комендировкам;Разработка;1;4;Экономическое;1286;4;Мужской;44;3;1;Стажер;3;Одинок;2154;0;Да;Да;11;3;3;40;0;5;2;2;4
35;Нет;Готов к командировкам;Разработка;6;1;Техническое;1291;3;Мужской;66;3;1;Разработчик;3;Женат/Замужем;3506;0;Да;Да;14;3;4;40;0;4;3;3;3
42;Нет;Готов к командировкам;Разработка;7;4;Экономическое;1292;2;Женский;78;4;2;Разработчик;2;Женат/Замужем;2372;6;Да;Да;16;3;4;40;0;18;2;3;1
36;Нет;Готов к командировкам;Разработка;2;4;Техническое;1294;3;Женский;53;3;2;ТимЛид;2;Одинок;5410;9;Да;Да;11;3;4;40;0;18;2;3;16
28;Нет;Не готов к комендировкам;Разработка;2;3;Техническое;1296;4;Мужской;52;2;1;Стажер;4;Женат/Замужем;3867;1;Да;Да;12;3;2;40;1;2;2;3;2
30;Нет;Не готов к комендировкам;Разработка;9;2;Экономическое;1298;3;Женский;72;3;2;ТимЛид;3;Одинок;4695;7;Да;Да;18;3;3;40;0;10;3;3;8
29;Да;Готов к командировкам;Разработка;7;3;Степень к.т.н;1299;2;Женский;39;3;1;Стажер;3;В разводе;3339;3;Да;Да;13;3;1;40;2;10;2;3;7
39;Нет;Готов к командировкам;Разработка;13;4;Экономическое;1307;3;Женский;94;2;4;Менеджер;2;В разводе;7123;6;Да;Да;13;3;4;40;2;21;4;3;19
50;Нет;Готов к командировкам;Разработка;28;3;Техническое;1317;4;Женский;43;3;4;Инженер;1;Женат/Замужем;6840;4;Да;Да;11;3;2;40;0;25;2;3;3
40;Да;Готов к командировкам;Сопровождение;25;4;Педагорическое;1318;4;Мужской;57;2;3;Специалист технической поддержки;2;Single;9094;2;Да;Да;12;3;3;80;0;9;2;3;5
52;Да;Готов к командировкам;Сопровождение;5;3;Техническое;1319;2;Мужской;64;3;3;Специалист технической поддержки;2;Single;8446;9;Да;Да;19;3;3;80;0;10;2;2;8
30;Нет;Готов к командировкам;Разработка;17;4;Экономическое;1321;2;Женский;95;3;3;Менеджер;1;Женат/Замужем;7916;1;Да;Да;23;4;4;40;2;9;2;3;9
31;Нет;Не готов к комендировкам;Сопровождение;2;4;Техническое;1324;4;Женский;57;3;3;Специалист технической поддержки;3;Divorced;9852;1;Да;Да;19;3;1;80;1;10;5;2;10
31;Да;Не готов к комендировкам;Сопровождение;1;3;Техническое;1331;4;Женский;54;3;1;Аналитик сопровождения;2;Single;2302;1;Да;Да;11;3;1;80;0;3;2;4;3
42;Нет;Не готов к комендировкам;Разработка;2;1;Техническое;1334;3;Мужской;37;3;4;Менеджер;3;Женат/Замужем;17861;0;Да;Да;13;3;4;40;0;21;3;2;20
35;Нет;Не готов к комендировкам;Разработка;4;4;Техническое;1350;3;Мужской;87;3;2;Разработчик;3;Одинок;4249;1;Да;Да;11;3;2;40;0;9;3;3;9
51;Нет;Готов к командировкам;Производство;5;3;Техническое;1352;3;Мужской;84;3;4;Менеджер;2;Divorced;14026;1;Да;Да;11;3;2;80;1;33;2;3;33
58;Да;Готов к командировкам;Разработка;7;4;Экономическое;1360;3;Женский;53;2;3;ТимЛид;1;Женат/Замужем;10008;7;Да;Да;14;3;4;40;0;31;0;2;10
55;Да;Готов к командировкам;Сопровождение;13;4;Педагорическое;1372;1;Мужской;85;4;4;Специалист технической поддержки;3;Single;3695;6;Да;Да;17;3;3;80;0;24;2;2;19
56;Нет;Готов к командировкам;Разработка;23;3;Техническое;1373;4;Мужской;68;3;4;ТимЛид;2;Женат/Замужем;3402;4;Да;Да;12;3;1;40;1;33;0;3;19
35;Да;Не готов к комендировкам;Сопровождение;18;4;Педагорическое;1380;4;Женский;67;3;2;Специалист технической поддержки;3;Married;4614;0;Да;Да;18;3;3;80;1;5;0;2;4
31;Да;Готов к командировкам;Разработка;22;4;Экономическое;1389;4;Мужской;98;3;2;ТимЛид;3;Женат/Замужем;6179;1;Да;Да;15;3;4;40;2;10;3;2;10
39;Нет;Готов к командировкам;Сопровождение;21;4;Техническое;1390;1;Мужской;44;2;2;Специалист технической поддержки;4;Married;6120;3;Да;Да;12;3;4;80;2;8;2;4;5
41;Нет;Не готов к комендировкам;Разработка;22;3;Техническое;1392;4;Женский;75;3;2;Разработчик;4;В разводе;5467;3;Да;Да;14;3;1;40;2;12;4;2;6
37;Нет;Готов к командировкам;Разработка;4;1;Техническое;1394;3;Мужской;54;3;1;Разработчик;3;Женат/Замужем;2996;7;Да;Да;15;3;4;40;0;8;2;3;6
32;Нет;Готов к командировкам;Сопровождение;2;1;Педагорическое;1396;3;Мужской;36;3;2;Специалист технической поддержки;2;Married;4078;0;Да;Да;13;3;1;80;3;4;3;2;3
52;Нет;Не готов к комендировкам;Разработка;28;2;Экономическое;1401;4;Женский;59;4;4;ТимЛид;3;Женат/Замужем;3247;2;Да;Да;11;3;2;40;1;24;3;2;5
43;Нет;Готов к командировкам;Разработка;6;3;Экономическое;1402;1;Женский;73;2;2;Разработчик;3;Одинок;4081;1;Да;Да;14;3;1;40;0;20;3;1;20
27;Нет;Готов к командировкам;Сопровождение;10;3;Педагорическое;1403;4;Женский;98;2;2;Специалист технической поддержки;4;Married;5769;1;Да;Да;11;3;4;80;0;6;3;3;6
27;Да;Готов к командировкам;Разработка;17;4;Техническое;1405;4;Женский;51;3;1;Разработчик;3;Одинок;2394;1;Да;Да;13;3;4;40;0;8;2;3;8
29;Да;Не готов к комендировкам;Разработка;14;1;Другое;1421;3;Женский;84;3;3;Разработчик БД;4;Одинок;7553;0;Да;Да;12;3;1;40;0;9;1;3;8
58;Нет;Готов к командировкам;Разработка;1;3;Экономическое;1423;4;Женский;76;3;5;Инженер;1;Женат/Замужем;9701;3;Да;Да;21;4;3;40;1;32;3;3;9
36;Нет;Готов к командировкам;Сопровождение;3;4;Педагорическое;1425;1;Женский;99;3;2;Специалист технической поддержки;2;Single;9278;3;Да;Да;16;3;4;80;0;15;3;3;5
24;Нет;Готов к командировкам;Сопровождение;4;1;Экономическое;1445;4;Женский;42;3;2;Специалист технической поддержки;3;Married;4162;1;Да;Да;12;3;3;80;2;5;3;3;5
41;Нет;Готов к командировкам;Разработка;5;5;Экономическое;1448;2;Мужской;90;4;1;Разработчик;3;Женат/Замужем;2127;2;Да;Да;12;3;1;40;0;7;5;2;4
39;Да;Не готов к комендировкам;Разработка;2;3;Техническое;1458;1;Женский;54;2;1;Стажер;1;Одинок;3646;2;Да;Да;23;4;2;40;0;11;2;4;1
45;Нет;Готов к командировкам;Разработка;20;3;Экономическое;1460;2;Мужской;95;1;3;Разработчик БД;1;В разводе;10851;2;Да;Да;18;3;2;40;1;24;2;3;7
31;Да;Не готов к комендировкам;Разработка;2;3;Техническое;1464;2;Мужской;94;3;1;Стажер;4;Женат/Замужем;3722;6;Да;Да;13;3;3;40;1;7;2;1;2
45;Нет;Готов к командировкам;Разработка;29;3;Степень к.т.н;1465;2;Мужской;55;3;3;ТимЛид;4;Женат/Замужем;9340;4;Да;Да;18;3;4;40;2;10;4;4;3
34;Да;Готов к командировкам;Сопровождение;24;4;Экономическое;1489;1;Женский;40;2;2;Специалист технической поддержки;2;Single;4599;0;Да;Да;23;4;3;80;0;16;2;4;15
24;Да;Не готов к комендировкам;Разработка;9;3;Экономическое;1494;2;Мужской;89;3;1;Стажер;1;Одинок;3172;2;Да;Да;11;3;3;40;0;4;2;2;0
44;Нет;Не готов к комендировкам;Разработка;2;1;Экономическое;1496;2;Мужской;86;3;3;ТимЛид;3;Одинок;10209;5;Да;Да;18;3;2;40;0;16;2;2;2
55;Нет;Готов к командировкам;Разработка;4;4;Техническое;1501;4;Мужской;30;3;2;Разработчик БД;3;Женат/Замужем;4035;0;Да;Да;16;3;2;40;0;4;2;3;3
47;Нет;Готов к командировкам;Сопровождение;14;3;Экономическое;1503;3;Женский;78;3;2;Специалист технической поддержки;3;Married;4591;3;Да;Да;17;3;3;80;1;11;4;2;5
33;Нет;Готов к командировкам;Разработка;8;5;Техническое;1515;4;Мужской;69;3;2;Разработчик БД;3;Одинок;6388;2;Да;Да;17;3;1;40;0;14;6;3;0
34;Нет;Готов к командировкам;Сопровождение;1;3;Степень к.т.н;1535;4;Мужской;64;2;3;Специалист технической поддержки;3;Married;7083;1;Да;Да;14;3;4;80;0;10;3;3;10
50;Нет;Не готов к комендировкам;Разработка;22;5;Экономическое;1539;3;Мужской;88;1;4;Инженер;4;Одинок;4411;1;Да;Да;13;3;4;40;0;32;2;3;32
34;Нет;Готов к командировкам;Сопровождение;7;2;Степень к.т.н;1541;2;Мужской;55;3;1;Аналитик сопровождения;3;Married;2308;0;Да;Да;25;4;2;80;1;12;4;3;11
42;Нет;Не готов к комендировкам;Разработка;2;3;Техническое;1547;4;Мужской;40;3;3;Разработчик БД;4;Женат/Замужем;10124;2;Да;Да;14;3;3;40;1;24;3;1;20
33;Нет;Готов к командировкам;Разработка;28;4;Техническое;1549;2;Мужской;79;3;2;Стажер;3;Женат/Замужем;5207;1;Да;Да;12;3;2;40;1;15;3;3;15
40;Нет;Готов к командировкам;Производство;6;2;Экономическое;1550;3;Мужской;38;3;4;Менеджер;4;Single;6437;1;Да;Да;21;4;4;80;0;21;2;3;21
40;Нет;Не готов к комендировкам;Разработка;8;2;Техническое;1552;4;Мужской;72;3;2;Разработчик БД;4;В разводе;4069;3;Да;Да;18;3;3;40;0;8;2;3;2
36;Нет;Готов к командировкам;Сопровождение;2;4;Техническое;1556;3;Мужской;70;3;1;Аналитик сопровождения;4;Single;2644;3;Да;Да;21;4;4;80;0;7;3;2;3
35;Да;Готов к командировкам;Разработка;2;3;Техническое;1569;1;Женский;69;3;1;Стажер;1;В разводе;2074;1;Да;Да;12;3;4;40;1;1;2;3;1
29;Нет;Готов к командировкам;Разработка;3;1;Экономическое;1586;2;Мужской;87;3;1;Стажер;1;Одинок;4723;1;Да;Да;18;3;4;40;0;10;3;3;10
35;Нет;Готов к командировкам;Разработка;10;4;Экономическое;1587;1;Женский;51;3;2;Разработчик БД;3;Одинок;6142;3;Да;Да;16;3;3;40;0;10;4;3;5
50;Нет;Готов к командировкам;Сопровождение;9;3;Педагорическое;1591;3;Мужской;59;3;5;Менеджер;3;Married;9331;4;Да;Да;16;3;3;80;1;27;2;3;1
36;Нет;Не готов к комендировкам;Разработка;6;4;Техническое;1594;1;Мужской;40;4;2;Стажер;1;Женат/Замужем;5562;3;Да;Да;13;3;4;40;1;9;3;3;3
28;Да;Готов к командировкам;Разработка;24;3;Экономическое;1604;3;Мужской;51;3;1;Стажер;2;Женат/Замужем;2408;1;Да;Да;17;3;3;40;3;1;3;3;1
22;Нет;Не готов к комендировкам;Разработка;26;2;Другое;1605;2;Женский;85;2;1;Разработчик;3;Женат/Замужем;2814;1;Да;Да;14;3;2;40;0;4;2;2;4
50;Нет;Не готов к комендировкам;Разработка;20;5;Экономическое;1606;2;Мужской;41;3;4;Разработчик БД;3;Женат/Замужем;11245;2;Да;Да;15;3;3;40;1;32;3;3;30
44;Нет;Готов к командировкам;Разработка;7;3;Экономическое;1608;2;Женский;31;3;5;Инженер;4;В разводе;19049;0;Да;Да;14;3;4;40;1;23;4;2;22
45;Нет;Готов к командировкам;Разработка;5;5;Экономическое;1611;3;Женский;50;1;2;Стажер;1;Одинок;5769;1;Да;Да;14;3;1;40;0;10;3;3;10
36;Нет;Готов к командировкам;Разработка;12;4;Техническое;1614;3;Женский;76;3;2;ТимЛид;3;Женат/Замужем;4663;9;Да;Да;12;3;2;40;2;7;2;3;3
18;Да;Не готов к комендировкам;Сопровождение;3;2;Экономическое;1624;2;Женский;70;3;1;Аналитик сопровождения;4;Single;1569;1;Да;Да;12;3;3;80;0;0;2;4;0
38;Нет;Готов к командировкам;Разработка;2;2;Экономическое;1638;4;Женский;54;2;3;ТимЛид;3;Женат/Замужем;7756;3;Да;Да;19;3;4;40;1;10;6;4;5
40;Нет;Готов к командировкам;Разработка;16;3;Техническое;1641;3;Женский;84;3;3;ТимЛид;4;Одинок;7945;6;Да;Да;15;3;4;40;0;18;2;2;4
44;Нет;Не готов к комендировкам;Производство;1;5;Техническое;1642;1;Мужской;37;3;2;Техническое;4;Married;5743;4;Да;Да;11;3;3;80;0;14;3;3;10
35;Да;Готов к командировкам;Сопровождение;15;2;Экономическое;1645;1;Мужской;59;1;2;Специалист технической поддержки;4;Divorced;5440;6;Да;Да;14;3;4;80;2;7;2;2;2
24;Нет;Не готов к комендировкам;Разработка;2;1;Степень к.т.н;1646;1;Женский;32;3;1;Разработчик;4;Одинок;3760;1;Да;Да;13;3;3;40;0;6;2;3;6
40;Да;Готов к командировкам;Разработка;7;3;Техническое;1649;1;Мужской;73;3;1;Стажер;1;Одинок;2166;3;Да;Да;14;3;2;40;0;10;3;1;4
49;Нет;Готов к командировкам;Разработка;6;1;Техническое;1661;3;Женский;41;2;4;Разработчик БД;3;Женат/Замужем;3966;2;Да;Да;19;3;2;40;1;30;3;3;15
35;Да;Не готов к комендировкам;Сопровождение;12;4;Другое;1667;4;Мужской;36;3;2;Специалист технической поддержки;4;Single;4581;3;Да;Да;24;4;1;80;0;13;2;4;11
29;Нет;Готов к командировкам;Сопровождение;5;3;Экономическое;1669;1;Мужской;43;2;2;Специалист технической поддержки;2;Divorced;4187;1;Да;Да;13;3;2;80;1;10;3;2;10
49;Нет;Готов к командировкам;Разработка;16;3;Экономическое;1674;4;Женский;74;3;1;Стажер;1;В разводе;2587;4;Да;Да;16;3;2;40;1;17;2;2;2
41;Нет;Готов к командировкам;Сопровождение;23;2;Техническое;1678;4;Мужской;80;3;3;Специалист технической поддержки;3;Single;7082;3;Да;Да;16;3;4;80;0;21;2;3;2
33;Нет;Не готов к комендировкам;Сопровождение;16;3;Техническое;1681;3;Женский;36;3;2;Специалист технической поддержки;4;Divorced;5368;1;Да;Да;25;4;3;80;1;7;2;3;6
44;Нет;Готов к командировкам;Производство;1;3;Техническое;1683;3;Женский;44;3;1;Бизнес-анализ;4;Divorced;3195;4;Да;Да;18;3;1;80;3;8;2;3;2
23;Да;Готов к командировкам;Разработка;8;1;Экономическое;1684;4;Мужской;93;2;1;Стажер;3;Одинок;3989;1;Да;Да;11;3;1;40;0;5;2;3;5
48;Да;Не готов к комендировкам;Сопровождение;7;2;Экономическое;1691;4;Женский;95;3;1;Аналитик сопровождения;3;Married;2655;2;Да;Да;11;3;3;80;2;19;3;3;9
23;Да;Готов к командировкам;Сопровождение;7;3;Техническое;1702;3;Мужской;99;3;1;Аналитик сопровождения;4;Divorced;2275;1;Да;Да;21;4;2;80;1;3;2;3;3
44;Нет;Готов к командировкам;Разработка;2;3;Техническое;1703;3;Женский;96;4;3;Разработчик БД;4;Женат/Замужем;7879;1;Да;Да;19;3;2;40;1;9;2;3;8
35;Нет;Не готов к комендировкам;Разработка;2;4;Экономическое;1704;1;Мужской;79;2;1;Разработчик;4;Одинок;4930;0;Да;Да;14;3;3;40;0;6;2;4;5
43;Нет;Готов к командировкам;Сопровождение;2;3;Экономическое;1706;4;Мужской;73;3;2;Специалист технической поддержки;4;Married;7847;1;Да;Да;17;3;1;80;1;10;3;3;10
40;Нет;Готов к командировкам;Разработка;8;2;Техническое;1724;2;Женский;92;3;2;ТимЛид;1;Женат/Замужем;6516;2;Да;Да;16;3;2;40;1;18;3;3;1
46;Нет;Готов к командировкам;Сопровождение;2;3;Техническое;1732;3;Мужской;74;3;3;Специалист технической поддержки;4;Divorced;10368;4;Да;Да;12;3;2;80;1;13;5;2;10
36;Да;Готов к командировкам;Сопровождение;13;5;Педагорическое;1733;2;Мужской;96;2;2;Специалист технической поддержки;1;Divorced;6134;5;Да;Да;13;3;2;80;3;16;3;3;2
39;Нет;Не готов к комендировкам;Разработка;1;3;Техническое;1737;4;Мужской;77;3;2;Стажер;4;Женат/Замужем;6472;1;Да;Да;15;3;4;40;1;9;2;3;9
29;Нет;Не готов к комендировкам;Разработка;1;3;Техническое;1753;4;Мужской;70;4;2;Разработчик БД;3;Одинок;6294;8;Да;Да;12;3;4;40;0;10;5;4;3
34;Нет;Готов к командировкам;Разработка;2;4;Экономическое;1755;4;Мужской;97;4;1;Разработчик;4;Женат/Замужем;2932;0;Да;Да;14;3;1;40;3;6;3;3;5
33;Да;Готов к командировкам;Сопровождение;16;3;Техническое;1758;1;Женский;74;3;3;Специалист технической поддержки;1;Single;8564;2;Да;Да;20;4;3;80;0;11;2;2;0
38;Нет;Готов к командировкам;Разработка;18;3;Экономическое;1766;2;Мужской;60;1;2;Разработчик БД;4;Женат/Замужем;5811;3;Да;Да;16;3;3;40;1;15;2;3;1
43;Да;Не готов к комендировкам;Разработка;17;3;Степень к.т.н;1767;3;Мужской;38;2;1;Разработчик;3;Женат/Замужем;2437;9;Да;Да;16;3;4;40;1;6;4;3;1
34;Нет;Не готов к комендировкам;Сопровождение;10;3;Техническое;1774;4;Мужской;87;3;2;Специалист технической поддержки;3;Divorced;4001;1;Да;Да;14;3;3;80;1;15;3;3;15
53;Нет;Не готов к комендировкам;Разработка;1;4;Экономическое;1775;1;Женский;60;2;4;ТимЛид;3;Женат/Замужем;12965;4;Да;Да;20;4;4;40;3;27;2;2;3
22;Да;Готов к командировкам;Разработка;8;1;Экономическое;1783;3;Женский;79;3;1;Стажер;1;Женат/Замужем;2398;1;Да;Да;17;3;3;40;0;1;6;3;1
46;Нет;Готов к командировкам;Разработка;2;4;Экономическое;1789;3;Мужской;46;3;5;Инженер;4;В разводе;9328;7;Да;Да;17;3;3;40;1;24;3;3;2
36;Нет;Готов к командировкам;Разработка;10;3;Техническое;1790;4;Мужской;90;3;3;Разработчик БД;1;Женат/Замужем;8321;7;Да;Да;13;3;4;40;1;15;1;3;12
44;Да;Не готов к комендировкам;Разработка;1;2;Экономическое;1792;3;Мужской;99;3;1;Разработчик;2;В разводе;2342;1;Да;Да;12;3;3;40;3;6;2;2;5
35;Да;Готов к командировкам;Сопровождение;27;3;Техническое;1797;3;Мужской;84;3;2;Специалист технической поддержки;4;Single;5813;1;Да;Да;18;3;4;80;0;10;2;3;10
41;Нет;Готов к командировкам;Сопровождение;4;1;Педагорическое;1815;3;Женский;81;3;3;Специалист технической поддержки;3;Divorced;1447;0;Да;Да;13;3;4;80;1;23;3;4;22
26;Да;Готов к командировкам;Производство;20;2;Экономическое;1818;4;Женский;69;3;1;Бизнес-анализ;2;Married;2148;0;Да;Да;11;3;3;80;0;6;3;3;5
47;Нет;Готов к командировкам;Разработка;4;3;Техническое;1827;3;Женский;92;2;3;ТимЛид;2;В разводе;10333;8;Да;Да;12;3;3;40;1;28;4;3;22
38;Нет;Готов к командировкам;Сопровождение;2;4;Педагорическое;1835;2;Женский;77;1;2;Аналитик сопровождения;4;Married;5405;2;Да;Да;20;4;1;80;2;20;4;2;4
58;Нет;Не готов к комендировкам;Разработка;15;4;Техническое;1837;1;Мужской;87;3;4;Инженер;3;Женат/Замужем;5787;2;Да;Да;14;3;2;40;0;23;3;3;2
29;Да;Готов к командировкам;Производство;13;3;Техническое;1844;1;Мужской;56;2;1;Техническое;1;Divorced;2335;4;Да;Да;15;3;4;80;3;4;3;3;2
36;Нет;Готов к командировкам;Разработка;2;4;Другое;1847;4;Женский;73;3;2;Разработчик;2;Женат/Замужем;6962;4;Да;Да;22;4;4;40;1;15;2;3;1
27;Нет;Не готов к комендировкам;Разработка;5;2;Техническое;1850;4;Женский;53;3;1;Стажер;4;Одинок;2379;0;Да;Да;14;3;3;40;0;6;3;2;5
32;Да;Готов к командировкам;Сопровождение;2;4;Педагорическое;1862;3;Мужской;82;2;2;Специалист технической поддержки;2;Single;9907;7;Да;Да;12;3;3;80;0;7;3;2;2
29;Да;Не готов к комендировкам;Разработка;24;2;Техническое;1868;4;Мужской;73;2;1;Разработчик;4;Одинок;2439;1;Да;Да;24;4;2;40;0;1;3;2;1
22;Да;Готов к командировкам;Разработка;7;1;Техническое;1878;4;Мужской;75;3;1;Разработчик;2;Одинок;2472;1;Да;Да;23;4;1;40;0;1;2;3;1
36;Нет;Готов к командировкам;Сопровождение;10;4;Степень к.т.н;1880;2;Женский;63;2;2;Специалист технической поддержки;3;Married;5673;1;Да;Да;13;3;1;80;1;10;4;3;10
34;Нет;Готов к командировкам;Сопровождение;4;3;Техническое;1882;3;Мужской;64;3;3;Специалист технической поддержки;4;Married;9713;2;Да;Да;13;3;4;80;3;9;3;3;5
37;Нет;Готов к командировкам;Разработка;7;4;Экономическое;1885;4;Мужской;78;3;2;Разработчик;1;Женат/Замужем;4284;5;Да;Да;22;4;3;40;1;16;2;3;5
35;Нет;Готов к командировкам;Разработка;16;2;Другое;1886;4;Женский;44;2;2;ТимЛид;2;Женат/Замужем;4788;0;Да;Да;11;3;4;40;0;4;2;3;3
26;Нет;Готов к командировкам;Разработка;1;2;Техническое;1893;2;Женский;90;2;1;Разработчик;3;Женат/Замужем;2933;1;Да;Да;13;3;3;40;1;1;3;2;1
34;Да;Не готов к комендировкам;Разработка;16;4;Степень к.т.н;1905;4;Мужской;85;1;1;Разработчик;1;Женат/Замужем;2307;1;Да;Да;23;4;2;40;1;5;2;3;5
31;Нет;Готов к командировкам;Сопровождение;10;2;Экономическое;1912;3;Женский;86;3;2;Специалист технической поддержки;4;Divorced;6583;2;Да;Да;11;3;4;80;1;8;2;3;5
34;Нет;Готов к командировкам;Сопровождение;3;1;Экономическое;1915;4;Женский;75;2;2;Специалист технической поддержки;4;Married;8103;3;Да;Да;12;3;3;80;0;9;3;2;4
28;Нет;Не готов к комендировкам;Сопровождение;1;2;Техническое;1927;3;Мужской;42;2;2;Специалист технической поддержки;4;Married;6834;1;Да;Да;12;3;3;80;1;7;2;3;7
34;Нет;Не готов к комендировкам;Разработка;22;4;Другое;1932;3;Мужской;86;2;2;Разработчик;4;Женат/Замужем;5747;1;Да;Да;15;3;2;40;0;16;3;3;15
28;Да;Готов к командировкам;Сопровождение;13;2;Педагорическое;1933;4;Женский;84;3;2;Специалист технической поддержки;3;Single;9854;3;Да;Да;11;3;4;80;0;6;0;3;2
38;Нет;Не готов к комендировкам;Разработка;8;3;Экономическое;1937;4;Женский;58;2;2;Разработчик;2;В разводе;2133;1;Да;Да;16;3;3;40;1;20;3;3;20
58;Нет;Готов к командировкам;Сопровождение;21;3;Техническое;1938;4;Женский;72;3;4;Менеджер;4;Married;7875;4;Да;Да;13;3;3;80;1;29;2;2;1
32;Да;Не готов к комендировкам;Разработка;5;2;Техническое;1939;1;Женский;47;4;1;Разработчик;3;Одинок;2432;3;Да;Да;14;3;1;40;0;8;2;3;4
42;Нет;Готов к командировкам;Сопровождение;12;4;Педагорическое;1943;2;Мужской;77;3;2;Специалист технической поддержки;4;Divorced;5087;3;Да;Да;12;3;3;80;2;14;4;3;0
31;Нет;Не готов к комендировкам;Разработка;3;2;Экономическое;1948;3;Мужской;48;3;1;Разработчик;1;В разводе;3065;1;Да;Да;13;3;4;40;1;4;3;4;4
35;Нет;Готов к командировкам;Сопровождение;7;4;Техническое;1962;3;Женский;55;3;2;Специалист технической поддержки;4;Married;5204;1;Да;Да;11;3;4;80;0;10;2;3;10
31;Да;Не готов к комендировкам;Сопровождение;26;4;Педагорическое;1967;1;Мужской;63;3;2;Специалист технической поддержки;4;Married;5617;1;Да;Да;11;3;3;80;0;10;4;3;10
53;Да;Готов к командировкам;Сопровождение;24;4;Техническое;1968;1;Мужской;66;3;3;Специалист технической поддержки;1;Single;10448;6;Да;Да;13;3;2;80;0;15;2;2;2
38;Нет;Не готов к комендировкам;Производство;1;4;Другое;1972;4;Мужской;88;3;1;Бизнес-анализ;2;Married;2991;0;Да;Да;11;3;2;80;1;7;2;3;6
55;Нет;Готов к командировкам;Производство;26;4;Техническое;1973;3;Мужской;71;4;5;Менеджер;2;Married;19636;4;Да;Да;18;3;1;80;1;35;0;3;10
31;Нет;Готов к командировкам;Разработка;2;1;Экономическое;1974;4;Женский;59;1;1;Стажер;4;В разводе;1129;1;Да;Да;11;3;3;40;3;1;4;3;1
54;Нет;Готов к командировкам;Разработка;10;3;Экономическое;1940;3;Женский;77;3;2;ТимЛид;1;Одинок;4440;6;Да;Да;19;3;4;40;0;9;3;3;5
25;Нет;Готов к командировкам;Разработка;2;1;Другое;1992;4;Мужской;57;3;1;Стажер;3;В разводе;3977;6;Да;Да;19;3;3;40;1;7;2;2;2
42;Нет;Готов к командировкам;Разработка;18;4;Техническое;1998;4;Мужской;35;3;2;Разработчик;1;В разводе;5410;6;Да;Да;17;3;3;40;1;9;3;2;4
35;Нет;Готов к командировкам;Разработка;11;4;Экономическое;2003;4;Мужской;43;3;1;Стажер;3;Женат/Замужем;2660;7;Да;Да;11;3;3;40;1;5;3;3;2
33;Нет;Готов к командировкам;Разработка;15;2;Экономическое;2009;2;Женский;95;3;2;Разработчик БД;4;Женат/Замужем;4878;0;Да;Да;13;3;1;40;1;10;6;3;9
37;Нет;Готов к командировкам;Разработка;10;3;Техническое;2017;3;Женский;42;4;3;Инженер;4;Женат/Замужем;3744;1;Да;Да;25;4;1;40;1;16;2;3;16
25;Нет;Готов к командировкам;Сопровождение;8;2;Другое;2018;1;Женский;85;3;2;Специалист технической поддержки;3;Divorced;4907;0;Да;Да;22;4;2;80;1;6;3;2;5
44;Нет;Готов к командировкам;Разработка;1;3;Экономическое;2020;2;Мужской;42;3;1;Разработчик;4;Одинок;2436;6;Да;Да;12;3;3;40;0;6;2;3;4
21;Нет;Готов к командировкам;Сопровождение;5;1;Экономическое;2021;3;Мужской;58;3;1;Аналитик сопровождения;1;Single;2380;1;Да;Да;11;3;4;80;0;2;6;3;2
29;Да;Готов к командировкам;Разработка;1;4;Экономическое;2027;1;Мужской;36;3;1;Разработчик;4;Женат/Замужем;4787;9;Да;Да;14;3;2;40;3;4;3;4;2
35;Нет;Готов к командировкам;Производство;26;4;Техническое;2040;3;Женский;31;3;3;Бизнес-анализ;4;Single;8837;1;Да;Да;16;3;3;80;0;9;2;3;9
35;Нет;Не готов к комендировкам;Разработка;18;4;Техническое;2049;3;Мужской;40;3;2;Разработчик БД;3;Женат/Замужем;5689;1;Да;Да;14;3;4;40;2;10;2;4;10
29;Нет;Готов к командировкам;Разработка;13;2;Другое;2053;4;Мужской;46;2;2;Стажер;2;Женат/Замужем;4025;4;Да;Да;13;3;1;40;1;10;2;3;4
50;Да;Готов к командировкам;Сопровождение;28;3;Педагорическое;2055;4;Мужской;39;2;3;Специалист технической поддержки;1;Divorced;3854;4;Да;Да;13;3;2;80;1;20;3;3;3
27;Нет;Готов к командировкам;Разработка;4;3;Техническое;2064;2;Мужской;87;4;2;ТимЛид;2;Женат/Замужем;6142;1;Да;Да;20;4;2;40;1;6;0;3;6
