,sex,age,studytime,failures,job,famhightedu,activities,famrel,freetime,ChildCount,health,CountProf,Countother,NationalITy,PlaceofBirth,scorProf,Predict
0,F,18,2,0,yes,no,no,4,3,1,3,6,6,Russian,Russia,3.15,1
1,F,17,2,0,no,yes,no,5,3,1,3,5,6,Russian,Russia,3.06,1
2,F,20,2,3,yes,no,no,4,3,2,3,8,10,Russian,Russia,4.1,1
3,F,20,3,0,no,yes,yes,3,2,1,5,14,20,Russian,Russia,3.03,1
4,F,19,2,0,no,yes,no,4,3,1,5,10,10,Russian,Russia,4.04,1
5,M,19,2,0,no,yes,yes,5,4,1,5,20,20,Russian,Russia,4.51,1
6,M,19,2,10,no,no,no,4,4,1,3,12,11,Russian,Russia,3.95,1
7,F,17,2,0,yes,yes,no,4,1,1,1,5,6,Russian,Russia,4.6,1
8,M,20,2,0,no,yes,no,4,2,1,1,18,19,Russian,Russia,3.8,1
9,M,20,2,4,no,yes,yes,5,5,1,5,20,20,Russian,Russia,3.52,1
10,F,20,2,0,no,yes,no,3,3,1,2,8,9,Russian,Russia,4.21,1
11,F,20,3,0,no,yes,yes,5,2,1,4,12,12,Russian,Russia,3.67,1
12,M,20,1,0,no,yes,yes,4,3,1,5,14,14,Russian,Russia,4.19,1
13,M,20,2,3,no,yes,no,5,4,1,3,10,11,Ukraine,Ukraine,4.69,2
14,M,20,3,0,no,yes,no,4,5,1,3,19,19,Russian,Russia,4.25,1
15,F,19,1,0,no,yes,no,4,4,1,2,14,14,Russian,Russia,3.13,1
16,F,19,3,6,no,yes,yes,3,2,1,2,14,14,Russian,Russia,4.32,1
17,F,19,2,0,yes,yes,yes,5,3,1,4,10,10,Russian,Russia,3.54,1
18,M,17,1,3,no,yes,yes,5,5,2,5,5,5,Russian,Russia,4.07,1
19,M,19,1,0,no,no,yes,3,1,1,5,10,10,Russian,Russia,3.28,1
20,M,20,2,0,no,no,no,4,4,1,1,14,20,Russian,Russia,4.43,1
21,M,20,1,8,no,yes,no,5,4,1,5,20,20,Russian,Russia,4.05,1
22,M,19,2,0,no,no,yes,4,5,1,5,20,19,Russian,Russia,3.19,1
23,M,19,2,0,no,yes,yes,5,4,2,5,13,12,Russian,Russia,4.73,1
24,F,20,3,2,yes,yes,yes,4,3,1,5,9,8,Russian,Russia,4.58,1
25,F,19,1,2,no,yes,no,1,2,1,5,9,8,Russian,Russia,3.31,1
26,M,20,1,0,no,yes,no,4,2,1,5,12,11,Russian,Russia,4.6,1
27,M,20,1,0,no,no,no,2,2,2,1,19,20,Russian,Russia,4.21,1
28,M,19,2,0,yes,yes,yes,5,3,1,5,11,11,Russian,Russia,4.84,1
29,M,19,2,0,no,yes,yes,4,4,5,5,12,11,Russian,Russia,4.47,1
30,M,20,2,3,no,yes,no,5,4,3,5,11,12,Russian,Russia,4.82,1
31,M,20,2,0,no,yes,yes,4,3,1,5,19,17,Russian,Russia,3.92,1
32,M,20,2,0,no,yes,yes,4,5,1,5,19,19,Russian,Russia,4.56,1
33,M,20,2,0,no,no,yes,5,3,1,2,10,12,Russian,Russia,3.05,1
34,M,19,1,2,no,yes,no,5,4,1,5,14,20,Russian,Russia,3.62,1
35,F,20,1,0,no,yes,yes,3,5,1,5,7,6,Russian,Russia,4.2,1
36,M,20,3,0,no,yes,yes,5,4,1,4,19,18,Russian,Russia,4.36,1
37,M,19,3,7,no,yes,yes,2,4,1,5,19,20,Russian,Russian,3.82,1
38,F,20,3,0,yes,yes,yes,4,3,1,5,12,11,Russian,Russia,4.62,1
39,F,20,1,0,yes,yes,yes,4,3,1,2,13,13,Russian,Russia,4.27,1
40,F,19,2,1,no,yes,yes,3,3,1,3,10,11,Russian,Russia,4.22,1
41,M,20,1,3,no,yes,no,5,4,2,5,12,12,Russian,Russia,4.7,1
42,M,20,2,0,no,yes,yes,4,3,1,5,18,18,Russian,Russia,3.61,1
43,M,20,1,0,yes,yes,no,5,4,1,1,8,11,Russian,Russia,3.77,1
44,F,19,2,3,yes,no,yes,4,3,2,5,10,9,Russian,Russia,3.63,1
45,F,20,2,0,yes,yes,yes,5,2,1,5,8,6,Russian,Russia,3.44,1
46,F,19,2,0,no,yes,no,2,3,1,3,12,11,Russian,Russia,3.39,1
47,M,19,4,3,no,no,yes,4,2,1,2,19,20,Russian,Russia,4.24,1
48,M,20,2,0,no,yes,no,4,3,2,5,20,14,Russian,Russia,3.66,1
49,F,20,2,1,yes,yes,yes,4,4,1,3,7,7,Russian,Russia,3.24,1
50,F,19,2,5,no,yes,no,4,3,2,4,13,13,Russian,Russia,4.09,1
51,F,20,2,0,no,yes,no,4,3,1,5,13,13,Russian,Russia,3.85,1
52,M,20,1,1,no,no,no,5,5,3,5,11,10,Russian,Russia,4.57,1
53,F,20,1,0,yes,yes,no,3,3,2,5,10,11,Russian,Russia,4.87,1
54,F,20,1,0,no,no,no,5,3,4,1,13,13,Russian,Russia,4.76,1
55,F,19,2,0,no,no,yes,5,3,1,2,9,10,Russia,Russia,3.64,0
56,F,20,2,0,no,yes,yes,4,3,1,1,20,20,Russian,Russia,3.49,1
57,M,20,2,3,no,yes,yes,3,2,1,5,20,20,Russian,Russia,3.19,1
58,M,20,2,0,yes,yes,yes,4,3,1,5,10,9,Russia,Russia,4.9,1
59,F,19,2,0,no,yes,no,4,2,1,5,19,19,Russia,Russia,4.61,0
60,F,19,2,0,no,yes,yes,2,4,2,4,11,11,Russian,Russia,4.31,1
61,F,19,1,0,yes,yes,yes,5,5,5,5,8,11,Russian,Russia,3.6,1
62,F,19,2,1,yes,no,yes,4,4,1,1,10,9,Russian,Russia,3.38,1
63,F,19,3,0,yes,yes,yes,3,4,2,4,9,9,Russian,Russia,3.68,1
64,F,20,2,0,yes,no,yes,4,4,2,2,10,10,Russian,Russia,3.8,1
65,F,19,2,1,no,yes,yes,5,4,1,1,20,20,Russia,Russia,3.99,0
66,M,20,4,0,no,yes,yes,1,3,5,3,13,12,Russia,Russia,3.31,0
67,F,19,4,0,yes,yes,no,4,3,1,5,7,6,Russia,Russia,3.11,0
68,F,20,2,0,yes,yes,no,4,1,1,4,9,8,Russia,Russia,4.03,0
69,F,20,4,1,no,yes,no,4,4,2,3,19,19,Russian,Russia,3.92,1
70,M,19,4,0,no,yes,no,4,3,1,5,20,20,Russian,Russia,4.76,1
71,M,20,4,0,no,no,no,3,3,1,3,10,10,Russian,Russia,4.54,1
72,F,20,2,2,yes,yes,no,3,3,2,5,6,5,Russian,Russia,4.63,1
73,M,19,1,1,no,no,yes,5,3,2,5,12,14,Russia,Russia,4.16,0
74,F,19,2,0,yes,yes,yes,4,3,2,5,12,11,Russia,Russia,4.29,0
75,M,20,2,0,no,yes,yes,4,3,2,5,9,10,Russian,Russia,4.67,1
76,M,20,4,0,no,no,yes,3,4,1,1,11,10,Russian,Russia,3.09,1
77,F,19,4,1,no,no,no,5,2,1,3,11,11,Ukraine,Ukraine,4.44,2
78,M,17,1,3,yes,yes,yes,4,5,1,3,8,10,Russian,Russia,3.85,1
79,F,19,2,0,no,yes,no,2,4,1,3,5,5,Russian,Russia,4.58,1
80,M,20,1,0,yes,yes,yes,3,2,1,3,12,12,Russian,Russia,3.72,1
81,M,20,3,1,yes,no,no,5,3,1,5,10,11,Russian,Russia,4.59,1
82,F,20,2,0,no,yes,no,4,4,1,5,6,6,Russian,Russia,3.61,1
83,M,20,2,0,no,no,yes,5,3,1,4,20,20,Russian,Russia,3.3,1
84,F,20,2,0,no,yes,yes,4,3,2,4,10,10,Russian,Russia,4.13,1
85,F,20,2,1,no,no,no,4,4,2,5,9,8,Russian,Russia,4.59,1
86,F,19,2,0,no,yes,no,4,3,1,2,7,6,Russian,Russia,3.89,1
87,F,20,3,0,no,yes,yes,5,3,1,1,14,14,Russian,Russia,4.6,1
88,M,19,2,1,no,no,yes,4,4,1,3,10,10,Russian,Russia,3.9,1
89,M,19,2,1,no,yes,no,4,1,3,5,6,7,Russian,Russia,3.57,1
90,F,19,3,0,no,yes,no,4,3,1,4,7,8,Russia,Russia,3.93,0
91,F,20,1,0,no,no,yes,4,5,1,1,17,18,Russian,Russia,4.0,1
92,F,19,2,0,yes,yes,no,3,3,2,2,6,6,Russian,Russia,4.0,1
93,F,19,2,1,no,yes,yes,5,3,1,1,10,10,Russian,Russia,3.44,1
94,M,20,4,0,no,yes,yes,4,3,1,4,13,14,Russian,Russia,3.85,1
95,F,20,4,1,yes,yes,yes,3,1,1,1,10,10,Russian,Russia,4.24,1
96,M,19,1,0,yes,yes,yes,3,3,1,4,20,20,Russian,Russia,4.66,1
97,F,19,2,1,no,yes,no,4,3,1,5,9,10,Russian,Russia,4.39,1
98,F,19,1,0,no,no,yes,5,3,1,1,14,14,Russian,Russia,4.64,1
99,F,19,3,0,yes,yes,no,5,3,1,3,9,8,Russian,Russia,4.66,1
100,M,19,1,0,yes,yes,yes,4,5,5,4,7,5,Russian,Russia,4.93,1
101,M,19,3,0,no,yes,yes,4,4,1,4,17,17,Russian,Russia,4.42,1
102,M,20,1,0,no,yes,yes,5,3,1,5,13,14,Russian,Russia,3.76,1
103,F,20,2,0,yes,yes,no,4,3,1,2,6,6,Russian,Russia,4.03,1
104,M,20,2,0,no,yes,yes,5,4,1,1,18,18,Russian,Russia,4.68,1
105,F,20,4,0,yes,no,no,4,3,1,4,11,11,Russian,Russia,3.84,1
106,F,20,4,2,yes,yes,no,5,1,1,3,8,8,Russia,Russia,4.78,0
107,M,19,3,0,no,yes,yes,5,3,1,5,18,18,Russian,Russia,4.36,1
108,M,20,4,0,no,yes,yes,1,3,3,1,13,13,Russian,Russia,4.23,1
109,F,19,3,4,no,yes,yes,5,4,1,4,20,19,Russian,Russia,3.48,1
110,M,20,1,0,no,no,yes,5,5,1,4,19,19,Russian,Russia,4.08,1
111,F,19,3,1,yes,yes,yes,4,1,1,2,10,10,Russian,Russia,3.2,1
112,F,19,2,1,yes,no,yes,3,1,1,5,13,13,Russian,Russia,3.24,1
113,M,20,1,0,no,no,no,3,5,1,3,19,19,Russian,Russia,4.22,1
114,M,20,2,3,no,no,yes,5,4,1,5,9,9,Russian,Russia,4.75,1
115,M,19,2,0,no,yes,yes,5,4,1,5,20,19,Russian,Russia,3.9,1
116,M,20,2,0,no,yes,yes,4,4,1,2,13,14,Russian,Russia,4.63,1
117,M,19,1,0,no,no,yes,5,4,1,5,14,13,Russian,Russia,4.69,1
118,M,17,2,33,no,yes,yes,5,2,1,5,7,8,Russian,Russia,4.9,1
119,M,20,1,0,no,no,no,3,4,1,4,13,13,Ukraine,Ukraine,3.36,2
120,F,20,2,0,no,no,no,3,2,1,1,20,20,Russian,Russia,3.32,1
121,M,20,4,2,no,yes,yes,5,5,1,5,14,20,Russian,Russia,4.41,1
122,F,19,2,0,no,yes,yes,4,2,1,5,13,13,Russia,Russia,4.92,0
123,M,19,1,0,no,yes,yes,3,4,1,5,11,13,Russian,Russia,3.1,1
124,F,19,2,0,no,no,no,5,4,1,5,7,8,Russian,Russia,4.38,1
125,M,20,1,2,yes,no,no,5,5,3,5,13,12,Russian,Russia,3.14,1
126,F,20,2,0,yes,no,yes,5,3,1,1,10,11,Russian,Russia,4.02,1
127,F,19,2,3,no,yes,no,3,4,1,5,8,9,Russia,Russia,3.74,0
128,M,18,1,2,no,yes,yes,3,3,1,4,4,0,Russian,Russia,4.95,1
129,M,19,1,1,no,no,yes,3,5,2,4,18,18,Russian,Russia,3.66,1
130,F,20,3,2,no,yes,no,4,2,2,5,0,0,Russian,Russia,4.68,1
131,F,20,1,0,no,yes,yes,4,3,1,4,0,0,Russian,Russian,4.73,1
132,F,17,1,0,no,yes,no,3,4,1,5,13,12,Russian,Russia,4.71,1
133,F,19,1,0,no,no,no,3,2,1,5,11,11,Russian,Russia,3.86,1
134,M,20,2,0,no,yes,no,5,3,1,5,0,0,Russia,Russian,4.83,0
135,F,20,3,0,no,yes,yes,4,3,1,5,0,0,Russia,Russia,4.66,0
136,M,17,2,0,no,no,no,5,4,2,5,0,0,Russia,Russia,4.85,0
137,F,19,1,2,no,yes,yes,4,3,1,5,0,0,Russia,Russia,3.55,0
138,M,19,2,1,no,no,no,4,4,1,5,12,12,Russia,Russia,3.1,0
139,F,20,1,1,no,no,yes,4,3,1,5,19,20,Russian,Russia,3.42,1
140,M,20,4,0,yes,yes,no,2,2,1,3,9,0,Russian,Russia,4.41,1
141,M,19,1,2,no,yes,yes,2,3,2,2,9,9,Russia,SaudiArabia,4.86,0
142,F,20,3,0,no,yes,yes,4,2,1,5,11,11,Ukraine,Ukraine,4.84,2
143,F,19,1,0,no,no,no,3,4,3,1,14,13,Ukraine,Ukraine,3.55,2
144,M,17,1,3,no,yes,no,5,4,1,5,0,0,Russia,Russia,4.88,0
145,F,20,2,0,no,yes,no,4,4,1,5,11,11,Russia,Ukraine,3.87,2
146,F,20,2,3,no,yes,no,3,3,1,3,7,0,Russia,Russia,3.54,0
147,F,20,2,0,no,yes,no,4,3,1,5,11,11,Russia,Russia,3.09,0
148,M,19,1,0,no,yes,no,3,3,2,5,6,0,Russia,Russia,4.25,0
149,M,20,1,3,no,no,no,4,5,2,5,9,10,Russian,Russia,3.98,1
150,M,18,1,3,no,no,no,2,3,2,4,5,0,Russia,Russia,3.33,0
151,M,19,1,1,no,no,yes,4,4,3,5,13,14,Russia,Russia,4.54,0
152,F,20,3,2,no,yes,yes,4,2,2,3,10,10,Russia,Russia,3.07,0
153,M,19,1,3,no,yes,no,4,5,1,4,0,0,Russia,Russia,4.72,0
154,F,17,1,0,yes,yes,no,4,2,1,4,11,12,Russia,Russia,4.42,0
155,M,20,2,0,yes,no,yes,4,4,1,1,8,8,Russia,Russia,3.89,1
156,M,17,1,0,no,no,no,2,2,3,5,12,13,Russian,Russia,3.27,1
157,F,18,1,3,no,yes,yes,5,2,1,4,8,10,Russia,Russia,4.71,0
158,M,19,1,0,no,no,no,4,2,1,3,20,20,Russian,Russia,4.11,1
159,M,19,2,1,no,yes,no,4,5,4,5,12,12,Russian,Russia,3.09,1
160,M,17,1,2,no,no,yes,3,3,2,5,6,0,Russian,Russia,5.0,1
161,M,20,2,2,yes,yes,no,4,4,1,3,9,7,Russian,Russia,3.48,1
162,M,19,1,1,no,no,yes,4,4,2,5,0,0,Russia,Russia,3.67,0
163,M,17,1,0,no,no,no,5,3,1,2,10,10,kyrgyzstan,kyrgyzstan,3.91,0
164,M,17,2,3,no,no,yes,5,3,1,5,8,7,Russia,Russia,4.3,0
165,M,19,1,1,no,yes,yes,4,5,1,2,11,12,Russia,Russia,4.02,0
166,M,19,2,0,no,no,no,4,3,2,4,10,10,Russia,Russia,4.55,0
167,F,19,2,0,no,no,no,4,2,1,3,20,19,Russia,Russia,4.3,0
168,F,19,2,0,no,yes,no,5,1,1,4,7,0,Ukraine,Ukraine,3.03,2
169,F,19,2,0,no,yes,no,4,4,1,3,14,14,Ukraine,Ukraine,4.67,2
170,M,19,1,2,no,yes,yes,3,4,2,2,5,0,Russia,Russia,4.13,0
171,M,19,2,0,no,yes,yes,4,3,1,3,20,19,Russian,Russia,3.7,1
172,M,17,2,0,no,yes,yes,4,4,1,5,11,10,Ukraine,Ukraine,3.72,2
173,F,19,2,3,no,no,yes,4,3,1,3,7,0,Ukraine,Ukraine,4.14,2
174,F,19,2,0,no,yes,yes,4,4,1,4,11,9,Ukraine,Russia,4.36,1
175,M,17,2,0,no,no,yes,4,4,4,4,9,9,Russian,Russia,4.3,1
176,F,19,2,0,no,no,yes,3,4,1,5,13,11,Russian,Russia,3.46,1
177,M,17,2,0,no,no,yes,4,3,1,4,5,6,Russian,Russia,4.67,1
178,M,19,1,0,no,yes,yes,4,3,3,3,8,9,Russian,Russia,4.94,1
179,M,17,2,0,no,yes,yes,5,2,1,2,10,11,Russian,Russia,3.51,1
180,M,19,2,0,no,yes,yes,3,4,2,3,8,8,Russian,Russia,3.17,1
181,M,19,2,0,no,no,yes,4,2,1,3,13,12,Russian,Russia,3.05,1
182,F,17,2,0,no,yes,yes,5,4,2,5,17,17,Russia,Russia,3.07,0
183,F,17,2,0,no,yes,yes,5,3,2,1,9,8,Russia,Russia,3.97,0
184,F,19,2,0,no,yes,no,1,2,1,1,13,12,Russian,Russia,4.38,1
185,M,17,2,0,no,yes,yes,4,3,2,4,12,11,Russian,Russia,3.91,1
186,M,19,1,0,no,yes,yes,3,3,1,3,12,11,Russian,Russia,4.69,1
187,M,19,2,0,no,no,yes,4,2,1,5,20,20,Russia,Russia,3.0,0
188,F,17,2,0,no,yes,no,3,3,1,3,7,9,Russian,Russia,4.91,1
189,M,17,2,0,no,no,no,3,1,1,3,9,10,Russian,Russia,3.85,1
190,F,19,2,0,no,no,no,4,3,1,2,12,13,Ukraine,Ukraine,4.32,2
191,F,17,2,0,no,no,yes,5,3,1,3,8,9,Russian,Russia,3.97,1
192,M,17,2,0,no,no,yes,4,4,4,5,8,8,Russian,Russia,3.27,1
193,M,19,1,0,no,yes,yes,4,3,3,5,9,10,Russia,Russia,4.84,0
194,M,19,1,0,no,no,no,5,3,1,3,14,14,Russian,Russia,3.52,1
195,F,17,2,0,no,no,yes,4,3,1,5,20,20,Russian,Russia,4.71,1
196,M,17,1,0,no,no,no,5,2,1,5,20,19,Russia,Russia,4.33,0
197,M,19,1,0,no,yes,yes,3,3,3,3,9,10,Russian,Russia,3.15,1
198,F,17,1,1,no,yes,no,4,2,2,2,18,18,Russia,SaudiArabia,3.52,0
199,F,19,2,0,no,yes,no,4,5,1,3,9,10,Russian,Russia,4.85,1
200,F,19,2,0,no,yes,yes,4,3,1,2,19,19,Russia,Russia,3.21,0
201,F,19,2,0,yes,yes,yes,4,4,1,4,10,10,Russia,Russia,4.23,0
202,F,17,2,0,no,yes,no,4,4,1,1,9,10,Russian,Russia,3.24,1
203,F,17,1,0,no,yes,no,5,3,1,3,6,6,Russian,Russia,3.48,1
204,F,19,4,0,no,yes,yes,5,3,1,5,10,11,Russia,Russia,3.27,0
205,F,17,3,1,no,yes,no,4,4,3,5,9,9,Russia,Russia,4.13,0
206,F,19,2,3,no,yes,no,2,3,2,4,7,7,Russian,Russia,3.39,1
207,F,19,2,0,no,no,yes,1,3,1,1,12,13,Russian,Russia,4.78,1
208,F,19,1,0,no,yes,no,4,3,1,5,9,10,Ukraine,Ukraine,3.3,2
209,F,17,3,0,no,yes,yes,4,4,1,4,7,7,Ukraine,Ukraine,3.82,2
210,F,19,4,0,no,yes,yes,4,3,1,3,8,8,Russian,Russia,4.84,1
211,M,17,2,0,no,yes,no,5,3,4,3,12,13,Russian,Russia,4.36,1
212,F,19,2,0,yes,yes,no,3,3,1,4,13,14,Russian,Russia,4.6,1
213,M,18,2,1,no,yes,yes,4,4,2,5,7,8,Russian,Russia,3.43,1
214,F,17,1,0,no,yes,no,5,2,1,3,10,10,Russian,Russia,3.47,1
215,F,17,2,0,no,no,no,4,4,1,1,20,20,Russian,Russia,4.6,1
216,F,17,2,2,no,no,no,3,4,2,1,6,4,Russian,Russia,5.0,1
217,M,18,2,1,no,yes,no,3,2,2,4,6,8,Russian,Russia,4.64,1
218,F,17,1,0,no,yes,no,3,3,1,3,7,8,Russia,Russia,4.34,0
219,F,17,3,0,no,yes,yes,4,3,1,4,10,10,kyrgyzstan,Russia,3.62,0
220,F,17,2,0,no,yes,yes,4,2,1,5,6,6,kyrgyzstan,kyrgyzstan,3.7,0
221,F,17,3,1,no,yes,yes,4,3,1,5,5,0,Russia,Russia,4.2,0
222,F,19,2,0,yes,no,no,2,3,1,3,19,17,Russian,Russia,3.71,1
223,M,18,2,0,no,yes,no,3,3,5,4,13,13,Russian,Russia,3.42,1
224,F,19,3,0,no,yes,yes,5,3,1,5,13,14,Russia,Russia,4.45,0
225,F,18,2,1,no,no,yes,5,3,1,4,8,7,Russian,Russia,4.32,1
226,F,17,2,0,no,no,yes,5,3,1,3,20,20,Russian,Russia,3.16,1
227,M,17,2,0,no,yes,no,5,3,1,3,11,12,Russian,Russian,4.67,1
228,M,18,2,0,yes,yes,yes,4,3,4,3,8,9,Russian,Russia,3.5,1
229,F,17,3,0,no,no,yes,3,2,1,3,10,12,Russian,Russian,4.94,1
230,F,17,2,0,no,no,yes,3,2,1,3,13,14,Russian,Russia,3.25,1
231,M,17,2,0,no,yes,yes,4,5,1,1,11,11,Russian,Russia,3.07,1
232,M,17,2,0,yes,yes,yes,4,5,1,2,9,9,Russian,Russia,3.3,1
233,M,19,2,0,no,yes,yes,4,2,2,1,13,13,Russian,Russia,4.55,1
234,M,19,2,0,no,yes,no,3,4,1,5,7,6,Russian,Russia,3.93,1
235,M,19,3,0,no,no,yes,5,3,1,2,9,10,Russian,Russia,3.21,1
236,M,17,2,0,no,no,yes,4,4,5,4,13,13,Russian,Russia,3.42,1
237,F,19,1,0,no,no,no,4,5,1,5,12,12,Russian,Russia,3.3,1
238,F,17,2,0,no,no,yes,2,1,1,3,11,11,Russian,Russia,4.41,1
239,M,18,2,1,no,no,no,5,5,3,2,7,0,Russian,Russian,3.79,1
240,M,17,2,0,no,no,yes,2,5,1,5,12,12,Russian,Russia,4.51,1
241,M,17,2,0,no,yes,no,3,3,2,4,11,12,Russian,Russia,4.3,1
242,M,19,1,0,no,no,yes,5,4,1,3,0,0,Russian,Russia,3.08,1
243,M,19,1,0,no,no,yes,5,3,1,5,12,12,Russian,Russia,3.17,1
244,F,18,3,0,no,yes,no,4,4,1,3,0,0,Russian,Russia,3.27,1
245,M,19,1,0,no,no,no,4,3,1,4,18,18,Russian,Russia,4.83,1
246,M,17,1,0,no,no,no,5,2,1,2,12,13,Russian,Russia,4.11,1
247,M,22,1,3,no,no,no,5,4,5,1,8,8,Russian,Russia,4.9,1
248,M,18,2,1,no,yes,no,4,3,1,5,5,5,Russian,Russia,4.21,1
249,M,19,1,0,no,no,no,4,3,2,5,20,20,Russian,Russia,3.31,1
250,M,18,1,1,no,no,no,4,4,2,5,8,8,Russian,Russia,3.57,1
251,M,19,2,0,yes,yes,no,5,3,1,2,10,10,Russian,Russian,4.31,1
252,M,18,1,1,no,no,no,3,2,2,5,9,8,Russia,Russia,3.1,0
253,M,19,1,0,no,no,yes,3,3,1,3,9,8,Russia,Russia,3.07,0
254,M,17,1,0,no,no,no,4,4,2,5,12,12,Russia,Russia,3.14,0
255,M,17,1,1,no,yes,yes,4,4,1,5,9,8,Russia,Russia,4.62,0
256,F,17,4,0,no,yes,yes,4,2,1,4,12,13,Russia,Russia,4.17,0
257,M,19,2,0,no,yes,no,4,3,1,1,11,11,Russia,Russia,3.87,0
258,M,18,2,0,no,no,yes,5,2,1,4,14,14,Russia,Russia,4.18,0
259,F,17,4,0,no,no,yes,3,4,1,2,9,0,Russia,Russia,3.53,0
260,F,18,2,0,no,yes,no,3,1,1,2,18,18,Russia,Russia,4.76,0
261,M,18,2,0,no,yes,no,4,3,1,3,8,8,Russia,Russia,4.27,0
262,M,18,3,0,no,no,yes,5,3,1,3,12,12,Ukraine,Ukraine,4.38,2
263,F,17,3,0,no,no,yes,3,2,1,4,9,9,Ukraine,Ukraine,3.61,2
264,F,18,3,0,no,yes,yes,4,3,1,3,10,0,Russia,Russia,4.85,0
265,M,18,2,0,no,yes,yes,4,2,3,1,17,17,Russia,Russia,4.26,0
266,M,17,2,0,no,no,yes,5,4,3,5,9,10,Russia,Russia,4.32,0
267,F,18,2,0,no,no,yes,4,3,2,4,10,11,Russia,Russia,4.95,0
268,M,18,2,0,no,yes,yes,5,4,1,5,9,10,Russia,Russia,3.54,0
269,F,18,2,0,no,yes,no,4,3,1,3,0,0,Russia,Russia,4.97,0
270,F,19,2,2,no,yes,yes,4,3,3,5,9,9,Russia,Russia,4.7,0
271,F,18,4,0,no,yes,yes,4,5,1,2,14,14,Russia,Russia,3.3,0
272,F,18,2,0,no,yes,no,4,4,1,3,11,11,Russia,Russia,4.69,0
273,M,17,2,0,no,yes,yes,3,5,2,1,14,14,Russia,Russia,4.97,0
274,F,17,2,0,no,yes,no,4,3,1,1,10,10,Russia,Russia,3.29,0
275,F,17,2,0,yes,yes,no,4,4,2,5,12,12,Russia,Russia,3.03,0
276,F,18,2,0,no,no,no,4,1,1,5,9,9,Russia,Russia,3.1,0
277,M,18,1,0,no,no,yes,3,2,1,3,9,9,Russia,Russia,3.52,0
278,F,18,2,1,yes,yes,yes,2,4,1,4,8,8,Russia,Russia,4.41,0
279,M,18,1,0,no,no,yes,4,2,1,1,11,10,Russia,Russia,4.04,0
280,M,17,1,0,no,no,yes,4,5,2,5,8,8,Russia,Russia,4.67,0
281,M,17,1,1,no,no,no,4,4,3,3,9,10,Russia,Russia,3.29,0
282,F,18,4,0,no,yes,yes,5,2,1,3,12,12,Russia,Russia,4.09,0
283,F,18,2,0,yes,no,yes,5,4,1,4,9,10,Russia,Russia,4.16,0
284,F,17,2,0,no,yes,no,5,4,1,5,9,11,Russia,Russia,3.12,0
285,M,17,2,0,no,no,no,4,3,1,4,10,11,Russia,Russia,3.5,0
286,F,18,3,0,no,yes,no,4,3,1,2,18,19,Russia,Russia,3.37,0
287,F,17,3,0,no,yes,no,4,3,1,3,12,12,Russia,Russia,3.41,0
288,M,18,3,0,no,no,yes,4,2,1,2,14,14,Russia,Ukraine,3.72,2
289,M,18,2,0,no,yes,yes,5,4,1,2,13,20,Russia,Ukraine,3.74,2
290,M,18,2,0,no,yes,yes,4,3,1,5,11,11,Russia,Russia,3.52,0
291,F,17,3,0,no,yes,no,4,2,1,3,20,20,Russia,Russia,3.33,0
292,F,18,2,1,no,no,no,5,4,1,5,12,13,Russia,Russia,3.12,0
293,F,17,4,0,no,yes,no,3,1,1,3,18,18,Russia,Russia,3.98,0
294,M,18,3,0,no,yes,yes,5,4,1,4,13,14,Russia,Russia,4.21,0
295,M,17,1,0,no,yes,no,4,4,1,5,12,11,Russia,Russia,4.21,0
296,F,19,2,0,no,yes,yes,2,3,2,2,9,0,Russia,Russia,4.22,0
297,F,18,2,0,no,yes,no,4,4,1,2,8,8,Russia,Russia,4.88,0
298,F,18,4,0,no,yes,no,4,3,1,3,13,14,kyrgyzstan,kyrgyzstan,3.93,0
299,M,18,1,0,no,yes,no,1,4,2,1,20,19,kyrgyzstan,kyrgyzstan,4.4,0
300,F,18,2,0,no,yes,no,4,2,1,4,10,11,Russia,Russia,4.97,0
301,M,17,1,0,no,no,no,4,1,2,5,11,10,Russia,Russia,3.28,0
302,F,17,3,0,no,yes,no,4,3,1,3,12,14,Russia,Palestine,4.23,0
303,F,17,4,0,no,yes,yes,5,2,1,5,17,18,Russia,Palestine,3.16,0
304,M,19,2,1,no,yes,yes,4,4,1,3,14,13,Russia,Russia,3.73,0
305,F,18,2,1,no,yes,yes,4,4,1,3,12,12,Russia,Russia,3.73,0
306,M,20,1,0,no,no,yes,5,5,1,5,18,18,Russia,Russia,3.2,0
307,M,19,1,1,no,yes,no,4,3,1,4,9,8,Russia,Russia,4.63,0
308,M,19,2,1,no,no,yes,4,5,1,5,12,12,Russia,Russia,3.83,0
309,F,19,2,1,yes,yes,yes,4,4,1,3,10,10,Russia,Russia,3.42,0
310,F,19,2,1,no,no,yes,4,2,2,3,9,0,Russia,Russia,3.68,0
311,F,19,2,0,no,yes,no,3,4,1,2,12,13,Russia,Russia,3.03,0
312,M,19,2,1,no,no,no,4,5,2,4,11,11,Russia,Russia,3.29,0
313,F,19,2,1,no,yes,no,4,2,1,1,10,11,Russia,Russia,3.08,0
314,F,19,3,2,no,no,no,4,1,1,3,13,13,Russian,Russian,4.06,1
315,F,19,3,1,no,no,no,4,1,1,3,11,11,Russian,Russian,3.54,1
316,F,18,2,0,no,yes,yes,5,3,1,1,8,0,Russia,Russia,3.37,0
317,F,18,3,0,no,yes,yes,4,3,1,5,10,9,Russia,Russia,4.36,0
318,F,17,3,0,no,yes,yes,4,3,2,5,11,10,Russia,Russia,3.12,0
319,F,18,2,0,no,yes,no,4,4,3,5,11,11,Russia,Russia,3.87,0
320,F,17,2,0,no,yes,no,5,2,1,5,13,13,Russia,Russia,4.77,0
321,F,17,2,0,no,yes,no,4,2,1,3,9,9,Russia,Russia,3.99,0
322,F,17,3,0,no,yes,yes,3,3,2,3,11,11,Ukraine,Ukraine,3.16,2
323,F,17,3,0,no,yes,no,3,4,2,5,14,20,Ukraine,Ukraine,4.21,2
324,F,17,3,0,no,no,no,3,3,2,2,20,20,Russia,Russia,4.03,0
325,M,18,3,0,no,no,yes,4,3,2,3,12,11,Russia,Russia,3.51,0
326,M,17,1,0,no,no,yes,4,3,3,5,20,19,Russia,Russia,3.07,0
327,M,17,1,0,no,yes,no,4,4,5,4,10,10,Russia,Russia,4.92,0
328,F,17,3,0,no,yes,yes,5,4,1,4,9,9,Russia,Russia,3.67,0
329,F,17,3,0,no,yes,no,4,3,1,4,14,14,Russia,Russia,3.95,0
330,M,18,4,0,no,yes,yes,4,5,2,5,8,8,Russia,Russia,4.95,0
331,F,17,3,0,no,yes,no,4,4,1,5,14,14,Russia,Russia,3.45,0
332,F,18,2,0,no,no,yes,5,3,1,4,0,0,Russia,Russia,3.17,0
333,F,18,2,0,no,no,yes,4,3,1,2,8,0,Russia,Russia,4.2,0
334,F,18,4,0,no,no,yes,4,4,1,4,9,0,Russia,Russia,3.88,0
335,F,17,3,0,no,no,no,4,4,1,5,20,20,Russia,Russia,4.81,0
336,F,19,3,1,no,no,no,5,4,1,5,13,13,Russia,Russia,4.42,0
337,F,17,2,0,no,yes,no,4,3,2,2,8,0,Russia,Russia,3.13,0
338,F,18,4,0,no,yes,no,5,3,1,1,20,17,Russia,Russia,3.25,0
339,F,17,2,0,no,yes,no,4,3,2,2,10,10,Russia,Russia,3.88,0
340,F,19,3,1,no,no,yes,4,3,1,3,12,11,Russia,Russia,4.05,0
341,M,18,2,1,no,yes,yes,4,3,2,2,10,0,Russia,Russia,3.15,0
342,M,18,2,0,no,no,yes,4,3,1,5,20,20,Russia,Moroccan,3.91,0
343,F,17,2,1,no,yes,no,3,3,1,4,8,0,Russia,Moroccan,4.14,0
344,F,18,3,0,no,yes,no,4,3,1,3,10,10,Russia,Russia,3.08,0
345,F,18,3,0,no,no,no,5,4,2,1,13,14,Russia,Russia,3.12,0
346,M,18,3,0,no,no,no,5,3,1,4,20,19,Russia,Tajikistani,4.88,0
347,M,18,3,0,no,yes,no,5,4,2,5,10,9,Russia,Tajikistani,4.86,0
348,F,17,3,0,no,yes,yes,4,4,1,4,20,20,Russia,Russia,3.88,0
349,M,18,1,1,no,yes,no,2,5,5,5,13,13,Russia,Russia,4.36,0
350,M,19,2,3,no,no,no,5,4,3,2,7,8,Russia,Russia,4.75,0
351,M,17,2,0,no,yes,no,4,5,2,3,13,13,Russia,Russia,4.09,0
352,M,18,1,1,no,no,no,4,3,2,3,7,8,Russia,Russia,3.47,0
353,M,19,1,1,no,yes,no,4,4,3,5,8,8,Russia,Russia,3.3,0
354,M,17,2,0,no,yes,yes,4,5,1,2,11,11,kyrgyzstan,kyrgyzstan,3.13,0
355,F,18,2,0,no,yes,no,5,3,1,5,9,9,kyrgyzstan,kyrgyzstan,4.55,0
356,F,17,2,0,no,yes,yes,4,3,1,5,13,13,Russia,Russia,4.71,0
357,F,17,2,0,no,no,no,1,2,1,5,12,11,Russia,Russia,3.23,0
358,M,18,1,0,no,no,no,3,3,1,3,10,10,Russia,Russia,3.5,0
359,F,18,3,0,no,no,no,5,3,1,4,19,19,Russia,Russia,4.17,0
360,F,18,2,0,no,no,no,4,3,1,5,13,13,Russia,Russia,4.62,0
361,M,18,2,1,no,no,yes,4,4,2,5,12,12,Russia,Russia,4.99,0
362,F,18,2,0,no,yes,no,4,3,1,3,11,10,Russia,Russia,3.67,0
363,F,17,2,0,no,yes,yes,2,3,1,1,20,20,Russia,Russia,3.63,0
364,F,17,2,0,no,no,no,3,2,1,3,11,12,Russia,Russia,3.42,0
365,M,18,2,0,no,yes,no,3,3,2,3,10,10,Russia,Russia,4.24,0
366,M,18,3,0,no,no,no,4,2,2,5,13,13,Russia,Russia,4.63,0
367,F,17,1,1,no,yes,no,5,2,1,1,6,0,Russia,Russia,4.96,0
368,F,18,1,0,no,yes,no,5,2,1,4,10,10,Russia,Russia,3.75,0
369,F,18,2,0,no,yes,no,3,2,4,5,12,11,Russia,Russia,4.87,0
370,F,19,2,2,no,no,yes,3,2,1,3,7,9,Russia,Moroccan,3.37,0
371,M,18,1,0,no,yes,yes,4,3,2,3,12,12,Russia,Moroccan,3.13,0
372,F,17,3,0,no,no,yes,3,4,1,3,11,11,Russia,Moroccan,4.5,0
373,F,17,1,0,no,no,yes,3,5,1,1,5,5,Russia,Moroccan,4.21,0
374,F,18,3,0,no,no,no,5,4,1,1,18,19,Russia,Moroccan,3.69,0
375,F,18,3,0,no,no,no,4,3,1,4,8,10,Russia,Moroccan,4.52,0
376,F,20,3,2,no,yes,no,5,4,1,3,14,20,Russia,Russia,3.15,0
377,F,18,2,0,no,no,yes,5,4,3,2,9,10,Russia,Russia,3.33,0
378,F,18,2,0,no,no,no,4,1,1,1,20,20,Russia,Russia,3.47,0
379,F,17,2,0,no,yes,yes,4,5,2,1,10,10,Russia,Russia,3.86,0
380,M,18,2,0,no,no,yes,3,2,1,2,14,14,Russia,Russia,4.83,0
381,M,18,1,0,no,no,yes,4,4,1,5,6,7,Russia,Russia,4.43,0
382,M,17,2,0,no,no,yes,4,4,1,3,11,10,Russia,Russia,4.08,0
383,M,19,1,1,no,no,no,4,3,1,5,5,0,Russia,Russia,3.56,0
384,M,18,1,1,no,no,no,5,4,4,3,5,5,Russia,Russia,3.28,0
385,F,18,3,0,no,no,no,5,3,1,4,9,10,Russia,Russia,4.72,0
386,F,18,1,0,no,yes,yes,4,4,2,5,5,6,Russia,Russia,4.76,0
387,F,19,3,1,no,no,yes,5,4,1,5,5,0,Russia,Russia,3.8,0
388,F,18,2,0,no,yes,no,4,3,1,1,9,8,Russia,Russia,4.21,0
389,F,18,2,1,no,no,yes,1,1,1,5,5,0,Russia,Russia,3.73,0
390,M,20,2,2,no,yes,no,5,5,4,4,9,9,Russia,Russia,4.29,0
391,M,17,1,0,no,no,no,2,4,3,2,19,19,Russia,Russia,4.61,0
392,M,21,1,3,no,no,no,5,5,3,3,8,7,Russia,Russia,3.54,0
393,M,18,1,0,no,no,no,4,4,3,5,12,10,Russia,Russia,4.24,0
394,M,19,1,0,no,no,no,3,2,3,5,9,9,Russia,Russia,3.48,0
