sex,age,studytime,failures,famrel,freetime,ChildCount,health,CountProf,Countother,scorProf,job_no,job_yes,famhightedu_no,famhightedu_yes,activities_no,activities_yes,NationalITy_Russia,NationalITy_Russian,NationalITy_Ukraine,NationalITy_kyrgyzstan,PlaceofBirth_Moroccan,PlaceofBirth_Palestine,PlaceofBirth_Russia,PlaceofBirth_Russian,PlaceofBirth_SaudiArabia,PlaceofBirth_Tajikistani,PlaceofBirth_Ukraine,PlaceofBirth_kyrgyzstan,Predict
1,18,2,0,4,3,1,3,6,6,3.15,False,True,True,False,True,False,False,True,False,False,False,False,True,False,False,False,False,False,1
1,17,2,0,5,3,1,3,5,6,3.06,True,False,False,True,True,False,False,True,False,False,False,False,True,False,False,False,False,False,4
1,20,2,3,4,3,2,3,8,10,4.1,False,True,True,False,True,False,False,True,False,False,False,False,True,False,False,False,False,False,1
1,20,3,0,3,2,1,5,14,20,3.03,True,False,False,True,False,True,False,True,False,False,False,False,True,False,False,False,False,False,2
1,19,2,0,4,3,1,5,10,10,4.04,True,False,False,True,True,False,False,True,False,False,False,False,True,False,False,False,False,False,1
0,19,2,0,5,4,1,5,20,20,4.51,True,False,False,True,False,True,False,True,False,False,False,False,True,False,False,False,False,False,0
0,19,2,10,4,4,1,3,12,11,3.95,True,False,True,False,True,False,False,True,False,False,False,False,True,False,False,False,False,False,4
1,17,2,0,4,1,1,1,5,6,4.6,False,True,False,True,True,False,False,True,False,False,False,False,True,False,False,False,False,False,0
0,20,2,0,4,2,1,1,18,19,3.8,True,False,False,True,True,False,False,True,False,False,False,False,True,False,False,False,False,False,3
0,20,2,4,5,5,1,5,20,20,3.52,True,False,False,True,False,True,False,True,False,False,False,False,True,False,False,False,False,False,0
1,20,2,0,3,3,1,2,8,9,4.21,True,False,False,True,True,False,False,True,False,False,False,False,True,False,False,False,False,False,2
1,20,3,0,5,2,1,4,12,12,3.67,True,False,False,True,False,True,False,True,False,False,False,False,True,False,False,False,False,False,2
0,20,1,0,4,3,1,5,14,14,4.19,True,False,False,True,False,True,False,True,False,False,False,False,True,False,False,False,False,False,0
0,20,2,3,5,4,1,3,10,11,4.69,True,False,False,True,True,False,False,False,True,False,False,False,False,False,False,False,True,False,0
0,20,3,0,4,5,1,3,19,19,4.25,True,False,False,True,True,False,False,True,False,False,False,False,True,False,False,False,False,False,4
1,19,1,0,4,4,1,2,14,14,3.13,True,False,False,True,True,False,False,True,False,False,False,False,True,False,False,False,False,False,0
1,19,3,6,3,2,1,2,14,14,4.32,True,False,False,True,False,True,False,True,False,False,False,False,True,False,False,False,False,False,0
1,19,2,0,5,3,1,4,10,10,3.54,False,True,False,True,False,True,False,True,False,False,False,False,True,False,False,False,False,False,0
0,17,1,3,5,5,2,5,5,5,4.07,True,False,False,True,False,True,False,True,False,False,False,False,True,False,False,False,False,False,3
0,19,1,0,3,1,1,5,10,10,3.28,True,False,True,False,False,True,False,True,False,False,False,False,True,False,False,False,False,False,1
0,20,2,0,4,4,1,1,14,20,4.43,True,False,True,False,True,False,False,True,False,False,False,False,True,False,False,False,False,False,4
0,20,1,8,5,4,1,5,20,20,4.05,True,False,False,True,True,False,False,True,False,False,False,False,True,False,False,False,False,False,0
0,19,2,0,4,5,1,5,20,19,3.19,True,False,True,False,False,True,False,True,False,False,False,False,True,False,False,False,False,False,0
0,19,2,0,5,4,2,5,13,12,4.73,True,False,False,True,False,True,False,True,False,False,False,False,True,False,False,False,False,False,0
1,20,3,2,4,3,1,5,9,8,4.58,False,True,False,True,False,True,False,True,False,False,False,False,True,False,False,False,False,False,4
1,19,1,2,1,2,1,5,9,8,3.31,True,False,False,True,True,False,False,True,False,False,False,False,True,False,False,False,False,False,1
0,20,1,0,4,2,1,5,12,11,4.6,True,False,False,True,True,False,False,True,False,False,False,False,True,False,False,False,False,False,1
0,20,1,0,2,2,2,1,19,20,4.21,True,False,True,False,True,False,False,True,False,False,False,False,True,False,False,False,False,False,0
0,19,2,0,5,3,1,5,11,11,4.84,False,True,False,True,False,True,False,True,False,False,False,False,True,False,False,False,False,False,1
0,19,2,0,4,4,5,5,12,11,4.47,True,False,False,True,False,True,False,True,False,False,False,False,True,False,False,False,False,False,3
0,20,2,3,5,4,3,5,11,12,4.82,True,False,False,True,True,False,False,True,False,False,False,False,True,False,False,False,False,False,3
0,20,2,0,4,3,1,5,19,17,3.92,True,False,False,True,False,True,False,True,False,False,False,False,True,False,False,False,False,False,3
0,20,2,0,4,5,1,5,19,19,4.56,True,False,False,True,False,True,False,True,False,False,False,False,True,False,False,False,False,False,1
0,20,2,0,5,3,1,2,10,12,3.05,True,False,True,False,False,True,False,True,False,False,False,False,True,False,False,False,False,False,1
0,19,1,2,5,4,1,5,14,20,3.62,True,False,False,True,True,False,False,True,False,False,False,False,True,False,False,False,False,False,0
1,20,1,0,3,5,1,5,7,6,4.2,True,False,False,True,False,True,False,True,False,False,False,False,True,False,False,False,False,False,0
0,20,3,0,5,4,1,4,19,18,4.36,True,False,False,True,False,True,False,True,False,False,False,False,True,False,False,False,False,False,0
0,19,3,7,2,4,1,5,19,20,3.82,True,False,False,True,False,True,False,True,False,False,False,False,False,True,False,False,False,False,1
1,20,3,0,4,3,1,5,12,11,4.62,False,True,False,True,False,True,False,True,False,False,False,False,True,False,False,False,False,False,1
1,20,1,0,4,3,1,2,13,13,4.27,False,True,False,True,False,True,False,True,False,False,False,False,True,False,False,False,False,False,1
1,19,2,1,3,3,1,3,10,11,4.22,True,False,False,True,False,True,False,True,False,False,False,False,True,False,False,False,False,False,0
0,20,1,3,5,4,2,5,12,12,4.7,True,False,False,True,True,False,False,True,False,False,False,False,True,False,False,False,False,False,4
0,20,2,0,4,3,1,5,18,18,3.61,True,False,False,True,False,True,False,True,False,False,False,False,True,False,False,False,False,False,3
0,20,1,0,5,4,1,1,8,11,3.77,False,True,False,True,True,False,False,True,False,False,False,False,True,False,False,False,False,False,3
1,19,2,3,4,3,2,5,10,9,3.63,False,True,True,False,False,True,False,True,False,False,False,False,True,False,False,False,False,False,1
1,20,2,0,5,2,1,5,8,6,3.44,False,True,False,True,False,True,False,True,False,False,False,False,True,False,False,False,False,False,4
1,19,2,0,2,3,1,3,12,11,3.39,True,False,False,True,True,False,False,True,False,False,False,False,True,False,False,False,False,False,0
0,19,4,3,4,2,1,2,19,20,4.24,True,False,True,False,False,True,False,True,False,False,False,False,True,False,False,False,False,False,3
0,20,2,0,4,3,2,5,20,14,3.66,True,False,False,True,True,False,False,True,False,False,False,False,True,False,False,False,False,False,4
1,20,2,1,4,4,1,3,7,7,3.24,False,True,False,True,False,True,False,True,False,False,False,False,True,False,False,False,False,False,4
1,19,2,5,4,3,2,4,13,13,4.09,True,False,False,True,True,False,False,True,False,False,False,False,True,False,False,False,False,False,0
1,20,2,0,4,3,1,5,13,13,3.85,True,False,False,True,True,False,False,True,False,False,False,False,True,False,False,False,False,False,0
0,20,1,1,5,5,3,5,11,10,4.57,True,False,True,False,True,False,False,True,False,False,False,False,True,False,False,False,False,False,0
1,20,1,0,3,3,2,5,10,11,4.87,False,True,False,True,True,False,False,True,False,False,False,False,True,False,False,False,False,False,0
1,20,1,0,5,3,4,1,13,13,4.76,True,False,True,False,True,False,False,True,False,False,False,False,True,False,False,False,False,False,0
1,19,2,0,5,3,1,2,9,10,3.64,True,False,True,False,False,True,True,False,False,False,False,False,True,False,False,False,False,False,0
1,20,2,0,4,3,1,1,20,20,3.49,True,False,False,True,False,True,False,True,False,False,False,False,True,False,False,False,False,False,4
0,20,2,3,3,2,1,5,20,20,3.19,True,False,False,True,False,True,False,True,False,False,False,False,True,False,False,False,False,False,2
0,20,2,0,4,3,1,5,10,9,4.9,False,True,False,True,False,True,True,False,False,False,False,False,True,False,False,False,False,False,0
1,19,2,0,4,2,1,5,19,19,4.61,True,False,False,True,True,False,True,False,False,False,False,False,True,False,False,False,False,False,0
1,19,2,0,2,4,2,4,11,11,4.31,True,False,False,True,False,True,False,True,False,False,False,False,True,False,False,False,False,False,0
1,19,1,0,5,5,5,5,8,11,3.6,False,True,False,True,False,True,False,True,False,False,False,False,True,False,False,False,False,False,2
1,19,2,1,4,4,1,1,10,9,3.38,False,True,True,False,False,True,False,True,False,False,False,False,True,False,False,False,False,False,0
1,19,3,0,3,4,2,4,9,9,3.68,False,True,False,True,False,True,False,True,False,False,False,False,True,False,False,False,False,False,0
1,20,2,0,4,4,2,2,10,10,3.8,False,True,True,False,False,True,False,True,False,False,False,False,True,False,False,False,False,False,3
1,19,2,1,5,4,1,1,20,20,3.99,True,False,False,True,False,True,True,False,False,False,False,False,True,False,False,False,False,False,0
0,20,4,0,1,3,5,3,13,12,3.31,True,False,False,True,False,True,True,False,False,False,False,False,True,False,False,False,False,False,3
1,19,4,0,4,3,1,5,7,6,3.11,False,True,False,True,True,False,True,False,False,False,False,False,True,False,False,False,False,False,2
1,20,2,0,4,1,1,4,9,8,4.03,False,True,False,True,True,False,True,False,False,False,False,False,True,False,False,False,False,False,4
1,20,4,1,4,4,2,3,19,19,3.92,True,False,False,True,True,False,False,True,False,False,False,False,True,False,False,False,False,False,0
0,19,4,0,4,3,1,5,20,20,4.76,True,False,False,True,True,False,False,True,False,False,False,False,True,False,False,False,False,False,3
0,20,4,0,3,3,1,3,10,10,4.54,True,False,True,False,True,False,False,True,False,False,False,False,True,False,False,False,False,False,0
1,20,2,2,3,3,2,5,6,5,4.63,False,True,False,True,True,False,False,True,False,False,False,False,True,False,False,False,False,False,0
0,19,1,1,5,3,2,5,12,14,4.16,True,False,True,False,False,True,True,False,False,False,False,False,True,False,False,False,False,False,0
1,19,2,0,4,3,2,5,12,11,4.29,False,True,False,True,False,True,True,False,False,False,False,False,True,False,False,False,False,False,1
0,20,2,0,4,3,2,5,9,10,4.67,True,False,False,True,False,True,False,True,False,False,False,False,True,False,False,False,False,False,0
0,20,4,0,3,4,1,1,11,10,3.09,True,False,True,False,False,True,False,True,False,False,False,False,True,False,False,False,False,False,4
1,19,4,1,5,2,1,3,11,11,4.44,True,False,True,False,True,False,False,False,True,False,False,False,False,False,False,False,True,False,0
0,17,1,3,4,5,1,3,8,10,3.85,False,True,False,True,False,True,False,True,False,False,False,False,True,False,False,False,False,False,0
1,19,2,0,2,4,1,3,5,5,4.58,True,False,False,True,True,False,False,True,False,False,False,False,True,False,False,False,False,False,1
0,20,1,0,3,2,1,3,12,12,3.72,False,True,False,True,False,True,False,True,False,False,False,False,True,False,False,False,False,False,4
0,20,3,1,5,3,1,5,10,11,4.59,False,True,True,False,True,False,False,True,False,False,False,False,True,False,False,False,False,False,0
1,20,2,0,4,4,1,5,6,6,3.61,True,False,False,True,True,False,False,True,False,False,False,False,True,False,False,False,False,False,4
0,20,2,0,5,3,1,4,20,20,3.3,True,False,True,False,False,True,False,True,False,False,False,False,True,False,False,False,False,False,0
1,20,2,0,4,3,2,4,10,10,4.13,True,False,False,True,False,True,False,True,False,False,False,False,True,False,False,False,False,False,4
1,20,2,1,4,4,2,5,9,8,4.59,True,False,True,False,True,False,False,True,False,False,False,False,True,False,False,False,False,False,3
1,19,2,0,4,3,1,2,7,6,3.89,True,False,False,True,True,False,False,True,False,False,False,False,True,False,False,False,False,False,0
1,20,3,0,5,3,1,1,14,14,4.6,True,False,False,True,False,True,False,True,False,False,False,False,True,False,False,False,False,False,0
0,19,2,1,4,4,1,3,10,10,3.9,True,False,True,False,False,True,False,True,False,False,False,False,True,False,False,False,False,False,0
0,19,2,1,4,1,3,5,6,7,3.57,True,False,False,True,True,False,False,True,False,False,False,False,True,False,False,False,False,False,1
1,19,3,0,4,3,1,4,7,8,3.93,True,False,False,True,True,False,True,False,False,False,False,False,True,False,False,False,False,False,4
1,20,1,0,4,5,1,1,17,18,4.0,True,False,True,False,False,True,False,True,False,False,False,False,True,False,False,False,False,False,3
1,19,2,0,3,3,2,2,6,6,4.0,False,True,False,True,True,False,False,True,False,False,False,False,True,False,False,False,False,False,0
1,19,2,1,5,3,1,1,10,10,3.44,True,False,False,True,False,True,False,True,False,False,False,False,True,False,False,False,False,False,1
0,20,4,0,4,3,1,4,13,14,3.85,True,False,False,True,False,True,False,True,False,False,False,False,True,False,False,False,False,False,0
1,20,4,1,3,1,1,1,10,10,4.24,False,True,False,True,False,True,False,True,False,False,False,False,True,False,False,False,False,False,4
0,19,1,0,3,3,1,4,20,20,4.66,False,True,False,True,False,True,False,True,False,False,False,False,True,False,False,False,False,False,0
1,19,2,1,4,3,1,5,9,10,4.39,True,False,False,True,True,False,False,True,False,False,False,False,True,False,False,False,False,False,0
1,19,1,0,5,3,1,1,14,14,4.64,True,False,True,False,False,True,False,True,False,False,False,False,True,False,False,False,False,False,0
1,19,3,0,5,3,1,3,9,8,4.66,False,True,False,True,True,False,False,True,False,False,False,False,True,False,False,False,False,False,0
0,19,1,0,4,5,5,4,7,5,4.93,False,True,False,True,False,True,False,True,False,False,False,False,True,False,False,False,False,False,3
0,19,3,0,4,4,1,4,17,17,4.42,True,False,False,True,False,True,False,True,False,False,False,False,True,False,False,False,False,False,4
0,20,1,0,5,3,1,5,13,14,3.76,True,False,False,True,False,True,False,True,False,False,False,False,True,False,False,False,False,False,1
1,20,2,0,4,3,1,2,6,6,4.03,False,True,False,True,True,False,False,True,False,False,False,False,True,False,False,False,False,False,0
0,20,2,0,5,4,1,1,18,18,4.68,True,False,False,True,False,True,False,True,False,False,False,False,True,False,False,False,False,False,0
1,20,4,0,4,3,1,4,11,11,3.84,False,True,True,False,True,False,False,True,False,False,False,False,True,False,False,False,False,False,0
1,20,4,2,5,1,1,3,8,8,4.78,False,True,False,True,True,False,True,False,False,False,False,False,True,False,False,False,False,False,1
0,19,3,0,5,3,1,5,18,18,4.36,True,False,False,True,False,True,False,True,False,False,False,False,True,False,False,False,False,False,3
0,20,4,0,1,3,3,1,13,13,4.23,True,False,False,True,False,True,False,True,False,False,False,False,True,False,False,False,False,False,3
1,19,3,4,5,4,1,4,20,19,3.48,True,False,False,True,False,True,False,True,False,False,False,False,True,False,False,False,False,False,3
0,20,1,0,5,5,1,4,19,19,4.08,True,False,True,False,False,True,False,True,False,False,False,False,True,False,False,False,False,False,0
1,19,3,1,4,1,1,2,10,10,3.2,False,True,False,True,False,True,False,True,False,False,False,False,True,False,False,False,False,False,0
1,19,2,1,3,1,1,5,13,13,3.24,False,True,True,False,False,True,False,True,False,False,False,False,True,False,False,False,False,False,3
0,20,1,0,3,5,1,3,19,19,4.22,True,False,True,False,True,False,False,True,False,False,False,False,True,False,False,False,False,False,1
0,20,2,3,5,4,1,5,9,9,4.75,True,False,True,False,False,True,False,True,False,False,False,False,True,False,False,False,False,False,3
0,19,2,0,5,4,1,5,20,19,3.9,True,False,False,True,False,True,False,True,False,False,False,False,True,False,False,False,False,False,1
0,20,2,0,4,4,1,2,13,14,4.63,True,False,False,True,False,True,False,True,False,False,False,False,True,False,False,False,False,False,3
0,19,1,0,5,4,1,5,14,13,4.69,True,False,True,False,False,True,False,True,False,False,False,False,True,False,False,False,False,False,1
0,17,2,33,5,2,1,5,7,8,4.9,True,False,False,True,False,True,False,True,False,False,False,False,True,False,False,False,False,False,1
0,20,1,0,3,4,1,4,13,13,3.36,True,False,True,False,True,False,False,False,True,False,False,False,False,False,False,False,True,False,0
1,20,2,0,3,2,1,1,20,20,3.32,True,False,True,False,True,False,False,True,False,False,False,False,True,False,False,False,False,False,0
0,20,4,2,5,5,1,5,14,20,4.41,True,False,False,True,False,True,False,True,False,False,False,False,True,False,False,False,False,False,1
1,19,2,0,4,2,1,5,13,13,4.92,True,False,False,True,False,True,True,False,False,False,False,False,True,False,False,False,False,False,4
0,19,1,0,3,4,1,5,11,13,3.1,True,False,False,True,False,True,False,True,False,False,False,False,True,False,False,False,False,False,0
1,19,2,0,5,4,1,5,7,8,4.38,True,False,True,False,True,False,False,True,False,False,False,False,True,False,False,False,False,False,1
0,20,1,2,5,5,3,5,13,12,3.14,False,True,True,False,True,False,False,True,False,False,False,False,True,False,False,False,False,False,2
1,20,2,0,5,3,1,1,10,11,4.02,False,True,True,False,False,True,False,True,False,False,False,False,True,False,False,False,False,False,0
1,19,2,3,3,4,1,5,8,9,3.74,True,False,False,True,True,False,True,False,False,False,False,False,True,False,False,False,False,False,0
0,18,1,2,3,3,1,4,4,0,4.95,True,False,False,True,False,True,False,True,False,False,False,False,True,False,False,False,False,False,4
0,19,1,1,3,5,2,4,18,18,3.66,True,False,True,False,False,True,False,True,False,False,False,False,True,False,False,False,False,False,1
1,20,3,2,4,2,2,5,0,0,4.68,True,False,False,True,True,False,False,True,False,False,False,False,True,False,False,False,False,False,1
1,20,1,0,4,3,1,4,0,0,4.73,True,False,False,True,False,True,False,True,False,False,False,False,False,True,False,False,False,False,0
1,17,1,0,3,4,1,5,13,12,4.71,True,False,False,True,True,False,False,True,False,False,False,False,True,False,False,False,False,False,0
1,19,1,0,3,2,1,5,11,11,3.86,True,False,True,False,True,False,False,True,False,False,False,False,True,False,False,False,False,False,0
0,20,2,0,5,3,1,5,0,0,4.83,True,False,False,True,True,False,True,False,False,False,False,False,False,True,False,False,False,False,4
1,20,3,0,4,3,1,5,0,0,4.66,True,False,False,True,False,True,True,False,False,False,False,False,True,False,False,False,False,False,0
0,17,2,0,5,4,2,5,0,0,4.85,True,False,True,False,True,False,True,False,False,False,False,False,True,False,False,False,False,False,0
1,19,1,2,4,3,1,5,0,0,3.55,True,False,False,True,False,True,True,False,False,False,False,False,True,False,False,False,False,False,3
0,19,2,1,4,4,1,5,12,12,3.1,True,False,True,False,True,False,True,False,False,False,False,False,True,False,False,False,False,False,2
1,20,1,1,4,3,1,5,19,20,3.42,True,False,True,False,False,True,False,True,False,False,False,False,True,False,False,False,False,False,0
0,20,4,0,2,2,1,3,9,0,4.41,False,True,False,True,True,False,False,True,False,False,False,False,True,False,False,False,False,False,3
0,19,1,2,2,3,2,2,9,9,4.86,True,False,False,True,False,True,True,False,False,False,False,False,False,False,True,False,False,False,0
1,20,3,0,4,2,1,5,11,11,4.84,True,False,False,True,False,True,False,False,True,False,False,False,False,False,False,False,True,False,1
1,19,1,0,3,4,3,1,14,13,3.55,True,False,True,False,True,False,False,False,True,False,False,False,False,False,False,False,True,False,4
0,17,1,3,5,4,1,5,0,0,4.88,True,False,False,True,True,False,True,False,False,False,False,False,True,False,False,False,False,False,1
1,20,2,0,4,4,1,5,11,11,3.87,True,False,False,True,True,False,True,False,False,False,False,False,False,False,False,False,True,False,0
1,20,2,3,3,3,1,3,7,0,3.54,True,False,False,True,True,False,True,False,False,False,False,False,True,False,False,False,False,False,1
1,20,2,0,4,3,1,5,11,11,3.09,True,False,False,True,True,False,True,False,False,False,False,False,True,False,False,False,False,False,1
0,19,1,0,3,3,2,5,6,0,4.25,True,False,False,True,True,False,True,False,False,False,False,False,True,False,False,False,False,False,3
0,20,1,3,4,5,2,5,9,10,3.98,True,False,True,False,True,False,False,True,False,False,False,False,True,False,False,False,False,False,0
0,18,1,3,2,3,2,4,5,0,3.33,True,False,True,False,True,False,True,False,False,False,False,False,True,False,False,False,False,False,3
0,19,1,1,4,4,3,5,13,14,4.54,True,False,True,False,False,True,True,False,False,False,False,False,True,False,False,False,False,False,1
1,20,3,2,4,2,2,3,10,10,3.07,True,False,False,True,False,True,True,False,False,False,False,False,True,False,False,False,False,False,4
0,19,1,3,4,5,1,4,0,0,4.72,True,False,False,True,True,False,True,False,False,False,False,False,True,False,False,False,False,False,1
1,17,1,0,4,2,1,4,11,12,4.42,False,True,False,True,True,False,True,False,False,False,False,False,True,False,False,False,False,False,1
0,20,2,0,4,4,1,1,8,8,3.89,False,True,True,False,False,True,True,False,False,False,False,False,True,False,False,False,False,False,0
0,17,1,0,2,2,3,5,12,13,3.27,True,False,True,False,True,False,False,True,False,False,False,False,True,False,False,False,False,False,0
1,18,1,3,5,2,1,4,8,10,4.71,True,False,False,True,False,True,True,False,False,False,False,False,True,False,False,False,False,False,3
0,19,1,0,4,2,1,3,20,20,4.11,True,False,True,False,True,False,False,True,False,False,False,False,True,False,False,False,False,False,4
0,19,2,1,4,5,4,5,12,12,3.09,True,False,False,True,True,False,False,True,False,False,False,False,True,False,False,False,False,False,1
0,17,1,2,3,3,2,5,6,0,5.0,True,False,True,False,False,True,False,True,False,False,False,False,True,False,False,False,False,False,0
0,20,2,2,4,4,1,3,9,7,3.48,False,True,False,True,True,False,False,True,False,False,False,False,True,False,False,False,False,False,3
0,19,1,1,4,4,2,5,0,0,3.67,True,False,True,False,False,True,True,False,False,False,False,False,True,False,False,False,False,False,3
0,17,1,0,5,3,1,2,10,10,3.91,True,False,True,False,True,False,False,False,False,True,False,False,False,False,False,False,False,True,3
0,17,2,3,5,3,1,5,8,7,4.3,True,False,True,False,False,True,True,False,False,False,False,False,True,False,False,False,False,False,0
0,19,1,1,4,5,1,2,11,12,4.02,True,False,False,True,False,True,True,False,False,False,False,False,True,False,False,False,False,False,3
0,19,2,0,4,3,2,4,10,10,4.55,True,False,True,False,True,False,True,False,False,False,False,False,True,False,False,False,False,False,0
1,19,2,0,4,2,1,3,20,19,4.3,True,False,True,False,True,False,True,False,False,False,False,False,True,False,False,False,False,False,0
1,19,2,0,5,1,1,4,7,0,3.03,True,False,False,True,True,False,False,False,True,False,False,False,False,False,False,False,True,False,3
1,19,2,0,4,4,1,3,14,14,4.67,True,False,False,True,True,False,False,False,True,False,False,False,False,False,False,False,True,False,0
0,19,1,2,3,4,2,2,5,0,4.13,True,False,False,True,False,True,True,False,False,False,False,False,True,False,False,False,False,False,0
0,19,2,0,4,3,1,3,20,19,3.7,True,False,False,True,False,True,False,True,False,False,False,False,True,False,False,False,False,False,3
0,17,2,0,4,4,1,5,11,10,3.72,True,False,False,True,False,True,False,False,True,False,False,False,False,False,False,False,True,False,1
1,19,2,3,4,3,1,3,7,0,4.14,True,False,True,False,False,True,False,False,True,False,False,False,False,False,False,False,True,False,3
1,19,2,0,4,4,1,4,11,9,4.36,True,False,False,True,False,True,False,False,True,False,False,False,True,False,False,False,False,False,1
0,17,2,0,4,4,4,4,9,9,4.3,True,False,True,False,False,True,False,True,False,False,False,False,True,False,False,False,False,False,3
1,19,2,0,3,4,1,5,13,11,3.46,True,False,True,False,False,True,False,True,False,False,False,False,True,False,False,False,False,False,1
0,17,2,0,4,3,1,4,5,6,4.67,True,False,True,False,False,True,False,True,False,False,False,False,True,False,False,False,False,False,1
0,19,1,0,4,3,3,3,8,9,4.94,True,False,False,True,False,True,False,True,False,False,False,False,True,False,False,False,False,False,1
0,17,2,0,5,2,1,2,10,11,3.51,True,False,False,True,False,True,False,True,False,False,False,False,True,False,False,False,False,False,3
0,19,2,0,3,4,2,3,8,8,3.17,True,False,False,True,False,True,False,True,False,False,False,False,True,False,False,False,False,False,1
0,19,2,0,4,2,1,3,13,12,3.05,True,False,True,False,False,True,False,True,False,False,False,False,True,False,False,False,False,False,2
1,17,2,0,5,4,2,5,17,17,3.07,True,False,False,True,False,True,True,False,False,False,False,False,True,False,False,False,False,False,4
1,17,2,0,5,3,2,1,9,8,3.97,True,False,False,True,False,True,True,False,False,False,False,False,True,False,False,False,False,False,0
1,19,2,0,1,2,1,1,13,12,4.38,True,False,False,True,True,False,False,True,False,False,False,False,True,False,False,False,False,False,4
0,17,2,0,4,3,2,4,12,11,3.91,True,False,False,True,False,True,False,True,False,False,False,False,True,False,False,False,False,False,3
0,19,1,0,3,3,1,3,12,11,4.69,True,False,False,True,False,True,False,True,False,False,False,False,True,False,False,False,False,False,1
0,19,2,0,4,2,1,5,20,20,3.0,True,False,True,False,False,True,True,False,False,False,False,False,True,False,False,False,False,False,0
1,17,2,0,3,3,1,3,7,9,4.91,True,False,False,True,True,False,False,True,False,False,False,False,True,False,False,False,False,False,0
0,17,2,0,3,1,1,3,9,10,3.85,True,False,True,False,True,False,False,True,False,False,False,False,True,False,False,False,False,False,1
1,19,2,0,4,3,1,2,12,13,4.32,True,False,True,False,True,False,False,False,True,False,False,False,False,False,False,False,True,False,1
1,17,2,0,5,3,1,3,8,9,3.97,True,False,True,False,False,True,False,True,False,False,False,False,True,False,False,False,False,False,4
0,17,2,0,4,4,4,5,8,8,3.27,True,False,True,False,False,True,False,True,False,False,False,False,True,False,False,False,False,False,4
0,19,1,0,4,3,3,5,9,10,4.84,True,False,False,True,False,True,True,False,False,False,False,False,True,False,False,False,False,False,0
0,19,1,0,5,3,1,3,14,14,3.52,True,False,True,False,True,False,False,True,False,False,False,False,True,False,False,False,False,False,1
1,17,2,0,4,3,1,5,20,20,4.71,True,False,True,False,False,True,False,True,False,False,False,False,True,False,False,False,False,False,0
0,17,1,0,5,2,1,5,20,19,4.33,True,False,True,False,True,False,True,False,False,False,False,False,True,False,False,False,False,False,0
0,19,1,0,3,3,3,3,9,10,3.15,True,False,False,True,False,True,False,True,False,False,False,False,True,False,False,False,False,False,4
1,17,1,1,4,2,2,2,18,18,3.52,True,False,False,True,True,False,True,False,False,False,False,False,False,False,True,False,False,False,3
1,19,2,0,4,5,1,3,9,10,4.85,True,False,False,True,True,False,False,True,False,False,False,False,True,False,False,False,False,False,0
1,19,2,0,4,3,1,2,19,19,3.21,True,False,False,True,False,True,True,False,False,False,False,False,True,False,False,False,False,False,4
1,19,2,0,4,4,1,4,10,10,4.23,False,True,False,True,False,True,True,False,False,False,False,False,True,False,False,False,False,False,0
1,17,2,0,4,4,1,1,9,10,3.24,True,False,False,True,True,False,False,True,False,False,False,False,True,False,False,False,False,False,4
1,17,1,0,5,3,1,3,6,6,3.48,True,False,False,True,True,False,False,True,False,False,False,False,True,False,False,False,False,False,1
1,19,4,0,5,3,1,5,10,11,3.27,True,False,False,True,False,True,True,False,False,False,False,False,True,False,False,False,False,False,1
1,17,3,1,4,4,3,5,9,9,4.13,True,False,False,True,True,False,True,False,False,False,False,False,True,False,False,False,False,False,3
1,19,2,3,2,3,2,4,7,7,3.39,True,False,False,True,True,False,False,True,False,False,False,False,True,False,False,False,False,False,3
1,19,2,0,1,3,1,1,12,13,4.78,True,False,True,False,False,True,False,True,False,False,False,False,True,False,False,False,False,False,0
1,19,1,0,4,3,1,5,9,10,3.3,True,False,False,True,True,False,False,False,True,False,False,False,False,False,False,False,True,False,4
1,17,3,0,4,4,1,4,7,7,3.82,True,False,False,True,False,True,False,False,True,False,False,False,False,False,False,False,True,False,0
1,19,4,0,4,3,1,3,8,8,4.84,True,False,False,True,False,True,False,True,False,False,False,False,True,False,False,False,False,False,0
0,17,2,0,5,3,4,3,12,13,4.36,True,False,False,True,True,False,False,True,False,False,False,False,True,False,False,False,False,False,4
1,19,2,0,3,3,1,4,13,14,4.6,False,True,False,True,True,False,False,True,False,False,False,False,True,False,False,False,False,False,1
0,18,2,1,4,4,2,5,7,8,3.43,True,False,False,True,False,True,False,True,False,False,False,False,True,False,False,False,False,False,2
1,17,1,0,5,2,1,3,10,10,3.47,True,False,False,True,True,False,False,True,False,False,False,False,True,False,False,False,False,False,3
1,17,2,0,4,4,1,1,20,20,4.6,True,False,True,False,True,False,False,True,False,False,False,False,True,False,False,False,False,False,0
1,17,2,2,3,4,2,1,6,4,5.0,True,False,True,False,True,False,False,True,False,False,False,False,True,False,False,False,False,False,1
0,18,2,1,3,2,2,4,6,8,4.64,True,False,False,True,True,False,False,True,False,False,False,False,True,False,False,False,False,False,0
1,17,1,0,3,3,1,3,7,8,4.34,True,False,False,True,True,False,True,False,False,False,False,False,True,False,False,False,False,False,0
1,17,3,0,4,3,1,4,10,10,3.62,True,False,False,True,False,True,False,False,False,True,False,False,True,False,False,False,False,False,3
1,17,2,0,4,2,1,5,6,6,3.7,True,False,False,True,False,True,False,False,False,True,False,False,False,False,False,False,False,True,2
1,17,3,1,4,3,1,5,5,0,4.2,True,False,False,True,False,True,True,False,False,False,False,False,True,False,False,False,False,False,1
1,19,2,0,2,3,1,3,19,17,3.71,False,True,True,False,True,False,False,True,False,False,False,False,True,False,False,False,False,False,3
0,18,2,0,3,3,5,4,13,13,3.42,True,False,False,True,True,False,False,True,False,False,False,False,True,False,False,False,False,False,0
1,19,3,0,5,3,1,5,13,14,4.45,True,False,False,True,False,True,True,False,False,False,False,False,True,False,False,False,False,False,3
1,18,2,1,5,3,1,4,8,7,4.32,True,False,True,False,False,True,False,True,False,False,False,False,True,False,False,False,False,False,4
1,17,2,0,5,3,1,3,20,20,3.16,True,False,True,False,False,True,False,True,False,False,False,False,True,False,False,False,False,False,0
0,17,2,0,5,3,1,3,11,12,4.67,True,False,False,True,True,False,False,True,False,False,False,False,False,True,False,False,False,False,0
0,18,2,0,4,3,4,3,8,9,3.5,False,True,False,True,False,True,False,True,False,False,False,False,True,False,False,False,False,False,0
1,17,3,0,3,2,1,3,10,12,4.94,True,False,True,False,False,True,False,True,False,False,False,False,False,True,False,False,False,False,3
1,17,2,0,3,2,1,3,13,14,3.25,True,False,True,False,False,True,False,True,False,False,False,False,True,False,False,False,False,False,4
0,17,2,0,4,5,1,1,11,11,3.07,True,False,False,True,False,True,False,True,False,False,False,False,True,False,False,False,False,False,4
0,17,2,0,4,5,1,2,9,9,3.3,False,True,False,True,False,True,False,True,False,False,False,False,True,False,False,False,False,False,1
0,19,2,0,4,2,2,1,13,13,4.55,True,False,False,True,False,True,False,True,False,False,False,False,True,False,False,False,False,False,3
0,19,2,0,3,4,1,5,7,6,3.93,True,False,False,True,True,False,False,True,False,False,False,False,True,False,False,False,False,False,0
0,19,3,0,5,3,1,2,9,10,3.21,True,False,True,False,False,True,False,True,False,False,False,False,True,False,False,False,False,False,2
0,17,2,0,4,4,5,4,13,13,3.42,True,False,True,False,False,True,False,True,False,False,False,False,True,False,False,False,False,False,3
1,19,1,0,4,5,1,5,12,12,3.3,True,False,True,False,True,False,False,True,False,False,False,False,True,False,False,False,False,False,1
1,17,2,0,2,1,1,3,11,11,4.41,True,False,True,False,False,True,False,True,False,False,False,False,True,False,False,False,False,False,1
0,18,2,1,5,5,3,2,7,0,3.79,True,False,True,False,True,False,False,True,False,False,False,False,False,True,False,False,False,False,0
0,17,2,0,2,5,1,5,12,12,4.51,True,False,True,False,False,True,False,True,False,False,False,False,True,False,False,False,False,False,4
0,17,2,0,3,3,2,4,11,12,4.3,True,False,False,True,True,False,False,True,False,False,False,False,True,False,False,False,False,False,3
0,19,1,0,5,4,1,3,0,0,3.08,True,False,True,False,False,True,False,True,False,False,False,False,True,False,False,False,False,False,3
0,19,1,0,5,3,1,5,12,12,3.17,True,False,True,False,False,True,False,True,False,False,False,False,True,False,False,False,False,False,4
1,18,3,0,4,4,1,3,0,0,3.27,True,False,False,True,True,False,False,True,False,False,False,False,True,False,False,False,False,False,4
0,19,1,0,4,3,1,4,18,18,4.83,True,False,True,False,True,False,False,True,False,False,False,False,True,False,False,False,False,False,4
0,17,1,0,5,2,1,2,12,13,4.11,True,False,True,False,True,False,False,True,False,False,False,False,True,False,False,False,False,False,3
0,22,1,3,5,4,5,1,8,8,4.9,True,False,True,False,True,False,False,True,False,False,False,False,True,False,False,False,False,False,1
0,18,2,1,4,3,1,5,5,5,4.21,True,False,False,True,True,False,False,True,False,False,False,False,True,False,False,False,False,False,1
0,19,1,0,4,3,2,5,20,20,3.31,True,False,True,False,True,False,False,True,False,False,False,False,True,False,False,False,False,False,3
0,18,1,1,4,4,2,5,8,8,3.57,True,False,True,False,True,False,False,True,False,False,False,False,True,False,False,False,False,False,1
0,19,2,0,5,3,1,2,10,10,4.31,False,True,False,True,True,False,False,True,False,False,False,False,False,True,False,False,False,False,3
0,18,1,1,3,2,2,5,9,8,3.1,True,False,True,False,True,False,True,False,False,False,False,False,True,False,False,False,False,False,2
0,19,1,0,3,3,1,3,9,8,3.07,True,False,True,False,False,True,True,False,False,False,False,False,True,False,False,False,False,False,4
0,17,1,0,4,4,2,5,12,12,3.14,True,False,True,False,True,False,True,False,False,False,False,False,True,False,False,False,False,False,4
0,17,1,1,4,4,1,5,9,8,4.62,True,False,False,True,False,True,True,False,False,False,False,False,True,False,False,False,False,False,3
1,17,4,0,4,2,1,4,12,13,4.17,True,False,False,True,False,True,True,False,False,False,False,False,True,False,False,False,False,False,3
0,19,2,0,4,3,1,1,11,11,3.87,True,False,False,True,True,False,True,False,False,False,False,False,True,False,False,False,False,False,1
0,18,2,0,5,2,1,4,14,14,4.18,True,False,True,False,False,True,True,False,False,False,False,False,True,False,False,False,False,False,3
1,17,4,0,3,4,1,2,9,0,3.53,True,False,True,False,False,True,True,False,False,False,False,False,True,False,False,False,False,False,1
1,18,2,0,3,1,1,2,18,18,4.76,True,False,False,True,True,False,True,False,False,False,False,False,True,False,False,False,False,False,0
0,18,2,0,4,3,1,3,8,8,4.27,True,False,False,True,True,False,True,False,False,False,False,False,True,False,False,False,False,False,3
0,18,3,0,5,3,1,3,12,12,4.38,True,False,True,False,False,True,False,False,True,False,False,False,False,False,False,False,True,False,4
1,17,3,0,3,2,1,4,9,9,3.61,True,False,True,False,False,True,False,False,True,False,False,False,False,False,False,False,True,False,2
1,18,3,0,4,3,1,3,10,0,4.85,True,False,False,True,False,True,True,False,False,False,False,False,True,False,False,False,False,False,4
0,18,2,0,4,2,3,1,17,17,4.26,True,False,False,True,False,True,True,False,False,False,False,False,True,False,False,False,False,False,0
0,17,2,0,5,4,3,5,9,10,4.32,True,False,True,False,False,True,True,False,False,False,False,False,True,False,False,False,False,False,0
1,18,2,0,4,3,2,4,10,11,4.95,True,False,True,False,False,True,True,False,False,False,False,False,True,False,False,False,False,False,3
0,18,2,0,5,4,1,5,9,10,3.54,True,False,False,True,False,True,True,False,False,False,False,False,True,False,False,False,False,False,3
1,18,2,0,4,3,1,3,0,0,4.97,True,False,False,True,True,False,True,False,False,False,False,False,True,False,False,False,False,False,0
1,19,2,2,4,3,3,5,9,9,4.7,True,False,False,True,False,True,True,False,False,False,False,False,True,False,False,False,False,False,0
1,18,4,0,4,5,1,2,14,14,3.3,True,False,False,True,False,True,True,False,False,False,False,False,True,False,False,False,False,False,2
1,18,2,0,4,4,1,3,11,11,4.69,True,False,False,True,True,False,True,False,False,False,False,False,True,False,False,False,False,False,4
0,17,2,0,3,5,2,1,14,14,4.97,True,False,False,True,False,True,True,False,False,False,False,False,True,False,False,False,False,False,3
1,17,2,0,4,3,1,1,10,10,3.29,True,False,False,True,True,False,True,False,False,False,False,False,True,False,False,False,False,False,0
1,17,2,0,4,4,2,5,12,12,3.03,False,True,False,True,True,False,True,False,False,False,False,False,True,False,False,False,False,False,3
1,18,2,0,4,1,1,5,9,9,3.1,True,False,True,False,True,False,True,False,False,False,False,False,True,False,False,False,False,False,2
0,18,1,0,3,2,1,3,9,9,3.52,True,False,True,False,False,True,True,False,False,False,False,False,True,False,False,False,False,False,3
1,18,2,1,2,4,1,4,8,8,4.41,False,True,False,True,False,True,True,False,False,False,False,False,True,False,False,False,False,False,1
0,18,1,0,4,2,1,1,11,10,4.04,True,False,True,False,False,True,True,False,False,False,False,False,True,False,False,False,False,False,0
0,17,1,0,4,5,2,5,8,8,4.67,True,False,True,False,False,True,True,False,False,False,False,False,True,False,False,False,False,False,1
0,17,1,1,4,4,3,3,9,10,3.29,True,False,True,False,True,False,True,False,False,False,False,False,True,False,False,False,False,False,3
1,18,4,0,5,2,1,3,12,12,4.09,True,False,False,True,False,True,True,False,False,False,False,False,True,False,False,False,False,False,3
1,18,2,0,5,4,1,4,9,10,4.16,False,True,True,False,False,True,True,False,False,False,False,False,True,False,False,False,False,False,1
1,17,2,0,5,4,1,5,9,11,3.12,True,False,False,True,True,False,True,False,False,False,False,False,True,False,False,False,False,False,1
0,17,2,0,4,3,1,4,10,11,3.5,True,False,True,False,True,False,True,False,False,False,False,False,True,False,False,False,False,False,3
1,18,3,0,4,3,1,2,18,19,3.37,True,False,False,True,True,False,True,False,False,False,False,False,True,False,False,False,False,False,1
1,17,3,0,4,3,1,3,12,12,3.41,True,False,False,True,True,False,True,False,False,False,False,False,True,False,False,False,False,False,1
0,18,3,0,4,2,1,2,14,14,3.72,True,False,True,False,False,True,True,False,False,False,False,False,False,False,False,False,True,False,1
0,18,2,0,5,4,1,2,13,20,3.74,True,False,False,True,False,True,True,False,False,False,False,False,False,False,False,False,True,False,0
0,18,2,0,4,3,1,5,11,11,3.52,True,False,False,True,False,True,True,False,False,False,False,False,True,False,False,False,False,False,0
1,17,3,0,4,2,1,3,20,20,3.33,True,False,False,True,True,False,True,False,False,False,False,False,True,False,False,False,False,False,4
1,18,2,1,5,4,1,5,12,13,3.12,True,False,True,False,True,False,True,False,False,False,False,False,True,False,False,False,False,False,0
1,17,4,0,3,1,1,3,18,18,3.98,True,False,False,True,True,False,True,False,False,False,False,False,True,False,False,False,False,False,0
0,18,3,0,5,4,1,4,13,14,4.21,True,False,False,True,False,True,True,False,False,False,False,False,True,False,False,False,False,False,0
0,17,1,0,4,4,1,5,12,11,4.21,True,False,False,True,True,False,True,False,False,False,False,False,True,False,False,False,False,False,0
1,19,2,0,2,3,2,2,9,0,4.22,True,False,False,True,False,True,True,False,False,False,False,False,True,False,False,False,False,False,3
1,18,2,0,4,4,1,2,8,8,4.88,True,False,False,True,True,False,True,False,False,False,False,False,True,False,False,False,False,False,1
1,18,4,0,4,3,1,3,13,14,3.93,True,False,False,True,True,False,False,False,False,True,False,False,False,False,False,False,False,True,1
0,18,1,0,1,4,2,1,20,19,4.4,True,False,False,True,True,False,False,False,False,True,False,False,False,False,False,False,False,True,1
1,18,2,0,4,2,1,4,10,11,4.97,True,False,False,True,True,False,True,False,False,False,False,False,True,False,False,False,False,False,4
0,17,1,0,4,1,2,5,11,10,3.28,True,False,True,False,True,False,True,False,False,False,False,False,True,False,False,False,False,False,3
1,17,3,0,4,3,1,3,12,14,4.23,True,False,False,True,True,False,True,False,False,False,False,True,False,False,False,False,False,False,4
1,17,4,0,5,2,1,5,17,18,3.16,True,False,False,True,False,True,True,False,False,False,False,True,False,False,False,False,False,False,1
0,19,2,1,4,4,1,3,14,13,3.73,True,False,False,True,False,True,True,False,False,False,False,False,True,False,False,False,False,False,0
1,18,2,1,4,4,1,3,12,12,3.73,True,False,False,True,False,True,True,False,False,False,False,False,True,False,False,False,False,False,0
0,20,1,0,5,5,1,5,18,18,3.2,True,False,True,False,False,True,True,False,False,False,False,False,True,False,False,False,False,False,0
0,19,1,1,4,3,1,4,9,8,4.63,True,False,False,True,True,False,True,False,False,False,False,False,True,False,False,False,False,False,1
0,19,2,1,4,5,1,5,12,12,3.83,True,False,True,False,False,True,True,False,False,False,False,False,True,False,False,False,False,False,4
1,19,2,1,4,4,1,3,10,10,3.42,False,True,False,True,False,True,True,False,False,False,False,False,True,False,False,False,False,False,1
1,19,2,1,4,2,2,3,9,0,3.68,True,False,True,False,False,True,True,False,False,False,False,False,True,False,False,False,False,False,1
1,19,2,0,3,4,1,2,12,13,3.03,True,False,False,True,True,False,True,False,False,False,False,False,True,False,False,False,False,False,3
0,19,2,1,4,5,2,4,11,11,3.29,True,False,True,False,True,False,True,False,False,False,False,False,True,False,False,False,False,False,4
1,19,2,1,4,2,1,1,10,11,3.08,True,False,False,True,True,False,True,False,False,False,False,False,True,False,False,False,False,False,1
1,19,3,2,4,1,1,3,13,13,4.06,True,False,True,False,True,False,False,True,False,False,False,False,False,True,False,False,False,False,4
1,19,3,1,4,1,1,3,11,11,3.54,True,False,True,False,True,False,False,True,False,False,False,False,False,True,False,False,False,False,1
1,18,2,0,5,3,1,1,8,0,3.37,True,False,False,True,False,True,True,False,False,False,False,False,True,False,False,False,False,False,3
1,18,3,0,4,3,1,5,10,9,4.36,True,False,False,True,False,True,True,False,False,False,False,False,True,False,False,False,False,False,3
1,17,3,0,4,3,2,5,11,10,3.12,True,False,False,True,False,True,True,False,False,False,False,False,True,False,False,False,False,False,0
1,18,2,0,4,4,3,5,11,11,3.87,True,False,False,True,True,False,True,False,False,False,False,False,True,False,False,False,False,False,3
1,17,2,0,5,2,1,5,13,13,4.77,True,False,False,True,True,False,True,False,False,False,False,False,True,False,False,False,False,False,1
1,17,2,0,4,2,1,3,9,9,3.99,True,False,False,True,True,False,True,False,False,False,False,False,True,False,False,False,False,False,1
1,17,3,0,3,3,2,3,11,11,3.16,True,False,False,True,False,True,False,False,True,False,False,False,False,False,False,False,True,False,4
1,17,3,0,3,4,2,5,14,20,4.21,True,False,False,True,True,False,False,False,True,False,False,False,False,False,False,False,True,False,0
1,17,3,0,3,3,2,2,20,20,4.03,True,False,True,False,True,False,True,False,False,False,False,False,True,False,False,False,False,False,4
0,18,3,0,4,3,2,3,12,11,3.51,True,False,True,False,False,True,True,False,False,False,False,False,True,False,False,False,False,False,1
0,17,1,0,4,3,3,5,20,19,3.07,True,False,True,False,False,True,True,False,False,False,False,False,True,False,False,False,False,False,0
0,17,1,0,4,4,5,4,10,10,4.92,True,False,False,True,True,False,True,False,False,False,False,False,True,False,False,False,False,False,1
1,17,3,0,5,4,1,4,9,9,3.67,True,False,False,True,False,True,True,False,False,False,False,False,True,False,False,False,False,False,1
1,17,3,0,4,3,1,4,14,14,3.95,True,False,False,True,True,False,True,False,False,False,False,False,True,False,False,False,False,False,1
0,18,4,0,4,5,2,5,8,8,4.95,True,False,False,True,False,True,True,False,False,False,False,False,True,False,False,False,False,False,0
1,17,3,0,4,4,1,5,14,14,3.45,True,False,False,True,True,False,True,False,False,False,False,False,True,False,False,False,False,False,4
1,18,2,0,5,3,1,4,0,0,3.17,True,False,True,False,False,True,True,False,False,False,False,False,True,False,False,False,False,False,0
1,18,2,0,4,3,1,2,8,0,4.2,True,False,True,False,False,True,True,False,False,False,False,False,True,False,False,False,False,False,2
1,18,4,0,4,4,1,4,9,0,3.88,True,False,True,False,False,True,True,False,False,False,False,False,True,False,False,False,False,False,0
1,17,3,0,4,4,1,5,20,20,4.81,True,False,True,False,True,False,True,False,False,False,False,False,True,False,False,False,False,False,0
1,19,3,1,5,4,1,5,13,13,4.42,True,False,True,False,True,False,True,False,False,False,False,False,True,False,False,False,False,False,3
1,17,2,0,4,3,2,2,8,0,3.13,True,False,False,True,True,False,True,False,False,False,False,False,True,False,False,False,False,False,4
1,18,4,0,5,3,1,1,20,17,3.25,True,False,False,True,True,False,True,False,False,False,False,False,True,False,False,False,False,False,0
1,17,2,0,4,3,2,2,10,10,3.88,True,False,False,True,True,False,True,False,False,False,False,False,True,False,False,False,False,False,4
1,19,3,1,4,3,1,3,12,11,4.05,True,False,True,False,False,True,True,False,False,False,False,False,True,False,False,False,False,False,1
0,18,2,1,4,3,2,2,10,0,3.15,True,False,False,True,False,True,True,False,False,False,False,False,True,False,False,False,False,False,1
0,18,2,0,4,3,1,5,20,20,3.91,True,False,True,False,False,True,True,False,False,False,True,False,False,False,False,False,False,False,2
1,17,2,1,3,3,1,4,8,0,4.14,True,False,False,True,True,False,True,False,False,False,True,False,False,False,False,False,False,False,1
1,18,3,0,4,3,1,3,10,10,3.08,True,False,False,True,True,False,True,False,False,False,False,False,True,False,False,False,False,False,3
1,18,3,0,5,4,2,1,13,14,3.12,True,False,True,False,True,False,True,False,False,False,False,False,True,False,False,False,False,False,0
0,18,3,0,5,3,1,4,20,19,4.88,True,False,True,False,True,False,True,False,False,False,False,False,False,False,False,True,False,False,0
0,18,3,0,5,4,2,5,10,9,4.86,True,False,False,True,True,False,True,False,False,False,False,False,False,False,False,True,False,False,3
1,17,3,0,4,4,1,4,20,20,3.88,True,False,False,True,False,True,True,False,False,False,False,False,True,False,False,False,False,False,1
0,18,1,1,2,5,5,5,13,13,4.36,True,False,False,True,True,False,True,False,False,False,False,False,True,False,False,False,False,False,4
0,19,2,3,5,4,3,2,7,8,4.75,True,False,True,False,True,False,True,False,False,False,False,False,True,False,False,False,False,False,3
0,17,2,0,4,5,2,3,13,13,4.09,True,False,False,True,True,False,True,False,False,False,False,False,True,False,False,False,False,False,1
0,18,1,1,4,3,2,3,7,8,3.47,True,False,True,False,True,False,True,False,False,False,False,False,True,False,False,False,False,False,0
0,19,1,1,4,4,3,5,8,8,3.3,True,False,False,True,True,False,True,False,False,False,False,False,True,False,False,False,False,False,1
0,17,2,0,4,5,1,2,11,11,3.13,True,False,False,True,False,True,False,False,False,True,False,False,False,False,False,False,False,True,2
1,18,2,0,5,3,1,5,9,9,4.55,True,False,False,True,True,False,False,False,False,True,False,False,False,False,False,False,False,True,3
1,17,2,0,4,3,1,5,13,13,4.71,True,False,False,True,False,True,True,False,False,False,False,False,True,False,False,False,False,False,0
1,17,2,0,1,2,1,5,12,11,3.23,True,False,True,False,True,False,True,False,False,False,False,False,True,False,False,False,False,False,3
0,18,1,0,3,3,1,3,10,10,3.5,True,False,True,False,True,False,True,False,False,False,False,False,True,False,False,False,False,False,3
1,18,3,0,5,3,1,4,19,19,4.17,True,False,True,False,True,False,True,False,False,False,False,False,True,False,False,False,False,False,1
1,18,2,0,4,3,1,5,13,13,4.62,True,False,True,False,True,False,True,False,False,False,False,False,True,False,False,False,False,False,1
0,18,2,1,4,4,2,5,12,12,4.99,True,False,True,False,False,True,True,False,False,False,False,False,True,False,False,False,False,False,0
1,18,2,0,4,3,1,3,11,10,3.67,True,False,False,True,True,False,True,False,False,False,False,False,True,False,False,False,False,False,4
1,17,2,0,2,3,1,1,20,20,3.63,True,False,False,True,False,True,True,False,False,False,False,False,True,False,False,False,False,False,1
1,17,2,0,3,2,1,3,11,12,3.42,True,False,True,False,True,False,True,False,False,False,False,False,True,False,False,False,False,False,1
0,18,2,0,3,3,2,3,10,10,4.24,True,False,False,True,True,False,True,False,False,False,False,False,True,False,False,False,False,False,0
0,18,3,0,4,2,2,5,13,13,4.63,True,False,True,False,True,False,True,False,False,False,False,False,True,False,False,False,False,False,0
1,17,1,1,5,2,1,1,6,0,4.96,True,False,False,True,True,False,True,False,False,False,False,False,True,False,False,False,False,False,0
1,18,1,0,5,2,1,4,10,10,3.75,True,False,False,True,True,False,True,False,False,False,False,False,True,False,False,False,False,False,4
1,18,2,0,3,2,4,5,12,11,4.87,True,False,False,True,True,False,True,False,False,False,False,False,True,False,False,False,False,False,0
1,19,2,2,3,2,1,3,7,9,3.37,True,False,True,False,False,True,True,False,False,False,True,False,False,False,False,False,False,False,4
0,18,1,0,4,3,2,3,12,12,3.13,True,False,False,True,False,True,True,False,False,False,True,False,False,False,False,False,False,False,4
1,17,3,0,3,4,1,3,11,11,4.5,True,False,True,False,False,True,True,False,False,False,True,False,False,False,False,False,False,False,1
1,17,1,0,3,5,1,1,5,5,4.21,True,False,True,False,False,True,True,False,False,False,True,False,False,False,False,False,False,False,1
1,18,3,0,5,4,1,1,18,19,3.69,True,False,True,False,True,False,True,False,False,False,True,False,False,False,False,False,False,False,0
1,18,3,0,4,3,1,4,8,10,4.52,True,False,True,False,True,False,True,False,False,False,True,False,False,False,False,False,False,False,1
1,20,3,2,5,4,1,3,14,20,3.15,True,False,False,True,True,False,True,False,False,False,False,False,True,False,False,False,False,False,3
1,18,2,0,5,4,3,2,9,10,3.33,True,False,True,False,False,True,True,False,False,False,False,False,True,False,False,False,False,False,1
1,18,2,0,4,1,1,1,20,20,3.47,True,False,True,False,True,False,True,False,False,False,False,False,True,False,False,False,False,False,0
1,17,2,0,4,5,2,1,10,10,3.86,True,False,False,True,False,True,True,False,False,False,False,False,True,False,False,False,False,False,3
0,18,2,0,3,2,1,2,14,14,4.83,True,False,True,False,False,True,True,False,False,False,False,False,True,False,False,False,False,False,0
0,18,1,0,4,4,1,5,6,7,4.43,True,False,True,False,False,True,True,False,False,False,False,False,True,False,False,False,False,False,0
0,17,2,0,4,4,1,3,11,10,4.08,True,False,True,False,False,True,True,False,False,False,False,False,True,False,False,False,False,False,3
0,19,1,1,4,3,1,5,5,0,3.56,True,False,True,False,True,False,True,False,False,False,False,False,True,False,False,False,False,False,2
0,18,1,1,5,4,4,3,5,5,3.28,True,False,True,False,True,False,True,False,False,False,False,False,True,False,False,False,False,False,2
1,18,3,0,5,3,1,4,9,10,4.72,True,False,True,False,True,False,True,False,False,False,False,False,True,False,False,False,False,False,3
1,18,1,0,4,4,2,5,5,6,4.76,True,False,False,True,False,True,True,False,False,False,False,False,True,False,False,False,False,False,0
1,19,3,1,5,4,1,5,5,0,3.8,True,False,True,False,False,True,True,False,False,False,False,False,True,False,False,False,False,False,1
1,18,2,0,4,3,1,1,9,8,4.21,True,False,False,True,True,False,True,False,False,False,False,False,True,False,False,False,False,False,0
1,18,2,1,1,1,1,5,5,0,3.73,True,False,True,False,False,True,True,False,False,False,False,False,True,False,False,False,False,False,3
0,20,2,2,5,5,4,4,9,9,4.29,True,False,False,True,True,False,True,False,False,False,False,False,True,False,False,False,False,False,1
0,17,1,0,2,4,3,2,19,19,4.61,True,False,True,False,True,False,True,False,False,False,False,False,True,False,False,False,False,False,0
0,21,1,3,5,5,3,3,8,7,3.54,True,False,True,False,True,False,True,False,False,False,False,False,True,False,False,False,False,False,0
0,18,1,0,4,4,3,5,12,10,4.24,True,False,True,False,True,False,True,False,False,False,False,False,True,False,False,False,False,False,3
0,19,1,0,3,2,3,5,9,9,3.48,True,False,True,False,True,False,True,False,False,False,False,False,True,False,False,False,False,False,3
0,17,2,0,4,4,1,3,11,11,3.1190754111729144,True,False,True,True,True,True,True,False,False,True,False,False,True,False,False,False,False,True,2
0,18,3,0,4,4,1,2,13,13,3.2631855403900674,True,False,True,True,True,True,True,False,False,False,False,False,True,False,False,False,False,False,2
0,18,2,0,4,3,1,5,13,13,3.265678056261188,True,False,True,False,True,True,True,False,False,False,True,False,True,False,False,False,False,False,2
0,18,1,0,4,4,4,5,8,10,3.475938935831724,True,True,True,True,True,True,True,True,False,False,False,False,True,False,False,False,False,False,2
0,18,1,1,4,3,1,4,5,0,3.528073929610583,True,False,True,False,True,False,True,False,False,False,False,False,True,False,False,False,False,False,2
0,18,2,0,3,2,1,5,18,20,3.760356826048074,True,False,True,True,False,True,True,True,False,False,True,False,True,False,False,False,False,False,2
0,19,1,0,5,5,4,5,8,11,3.5187958516402937,False,True,True,True,True,True,False,True,False,False,False,False,True,False,False,False,False,False,2
1,18,2,0,3,1,1,4,8,9,3.1095048671926575,True,False,True,True,True,False,True,True,False,False,False,False,True,False,False,False,False,False,2
0,19,2,0,4,2,1,2,10,10,3.1506449391407654,True,False,True,False,False,True,False,True,False,False,False,False,True,False,False,False,False,False,2
0,19,2,0,4,2,1,3,12,12,3.1403262024325493,True,False,True,True,False,True,False,True,False,False,False,False,True,False,False,False,False,False,2
0,19,2,0,4,2,1,2,11,11,3.129596555299,True,False,True,False,False,True,False,True,False,False,False,False,True,False,False,False,False,False,2
1,17,2,0,3,2,1,3,8,9,3.7567911557835587,True,False,True,True,True,True,False,True,True,False,False,False,True,False,False,False,True,False,2
0,18,2,0,4,3,2,4,6,5,3.1882526758662757,True,True,True,True,True,False,True,False,False,False,False,False,True,False,False,False,False,False,2
0,20,2,2,3,2,1,5,18,20,3.1480827066047574,True,False,False,True,False,True,False,True,False,False,False,False,True,False,False,False,False,False,2
0,19,1,1,5,5,3,5,10,11,3.363441755170757,False,True,True,True,True,True,False,True,False,False,False,False,True,False,False,False,False,False,2
0,17,3,0,3,2,1,3,9,9,3.559549706370374,True,False,True,False,False,True,False,True,True,False,False,False,True,False,False,False,True,False,2
0,17,2,0,4,3,1,5,6,7,3.530464393223496,True,False,False,True,False,True,False,True,False,True,False,False,True,False,False,False,False,True,2
1,17,2,0,3,1,1,4,9,9,3.4060885013014555,True,False,True,False,True,True,True,False,True,False,False,False,True,False,False,False,True,False,2
1,18,2,0,4,3,1,3,7,2,3.803916938491893,True,True,True,True,True,True,True,False,False,False,False,False,True,False,False,False,False,False,2
1,18,2,0,4,1,1,5,8,7,3.1037920916575206,True,True,True,True,True,False,True,False,False,False,False,False,True,False,False,False,False,False,2
0,19,2,0,3,3,1,2,7,8,4.074706375638194,True,False,False,True,True,True,False,True,False,False,False,False,True,False,False,False,False,False,2
0,17,2,0,4,2,1,5,6,6,3.5955010049666387,True,False,False,True,False,True,False,True,False,True,False,False,True,False,False,False,False,True,2
0,17,2,0,4,5,1,2,11,11,3.1502089787851433,True,False,False,True,False,True,True,False,False,True,False,False,True,False,False,False,False,True,2
0,19,2,0,4,2,1,4,12,12,3.474238211869326,True,False,True,True,True,True,True,True,False,False,False,False,True,False,False,False,False,False,2
0,20,2,0,3,2,1,5,15,20,3.078003262129463,True,False,False,True,False,True,False,True,False,False,False,False,True,False,False,False,False,False,2
0,20,2,0,5,3,1,4,12,12,3.4628225812720923,True,True,True,True,True,True,False,True,False,False,False,False,True,False,False,False,False,False,2
0,18,1,0,3,2,1,4,8,8,3.3562187724325057,True,False,True,True,True,False,True,True,False,False,False,False,True,False,False,False,False,False,2
0,17,2,0,4,4,1,2,11,11,3.1275369886825564,True,False,True,True,True,True,True,False,False,True,False,False,True,False,False,False,False,True,2
1,19,2,0,3,3,1,2,7,8,4.203420779497751,True,True,False,True,True,False,True,True,False,False,False,False,True,False,False,False,False,False,2
0,19,2,0,4,3,1,4,12,12,3.0954598916548846,True,False,True,False,True,True,True,True,False,False,False,False,True,False,False,False,False,False,2
0,18,2,0,3,3,1,4,7,8,3.6331559818324846,True,False,False,True,True,True,False,True,False,False,False,False,True,False,False,False,False,False,2
0,19,2,0,4,2,1,3,12,12,3.069500328257356,True,False,True,False,True,True,True,True,False,False,False,False,True,False,False,False,False,False,2
1,17,2,0,4,2,1,2,7,0,4.175908805643073,True,False,True,True,False,True,True,False,False,True,False,False,True,False,False,False,False,True,2
0,18,2,0,3,2,1,5,20,20,3.897316118674697,True,False,True,True,False,True,True,True,False,False,True,False,True,False,False,False,False,False,2
0,19,2,0,4,2,1,3,12,12,3.0748905171656022,True,False,True,False,True,True,True,True,False,False,False,False,True,False,False,False,False,False,2
0,17,3,0,3,2,1,3,9,9,3.5195535369741906,True,False,True,False,False,True,False,True,True,False,False,False,True,False,False,False,True,False,2
0,19,2,0,3,2,1,5,14,20,3.0840159203501325,True,False,True,True,False,True,True,True,False,False,True,False,True,False,False,False,False,False,2
0,18,2,0,4,2,1,4,18,17,3.670187747295497,True,False,True,False,False,True,True,True,False,False,True,False,True,False,False,False,False,False,2
0,17,2,0,4,3,1,5,6,7,3.447757300847582,True,False,False,True,False,True,False,True,False,True,False,False,True,False,False,False,False,True,2
1,17,2,0,4,2,1,5,6,6,3.5353933661426957,True,True,False,True,True,True,True,False,False,True,False,False,True,False,False,False,False,True,2
0,19,1,1,4,4,2,4,13,12,3.1126879721898475,True,True,True,False,True,True,False,True,False,False,False,False,True,False,False,False,False,False,2
0,17,2,0,3,2,1,4,8,8,3.5561140312653214,True,False,True,True,False,True,False,True,True,False,False,False,True,False,False,False,True,False,2
0,19,1,0,4,3,1,5,5,1,3.4198566874698098,True,True,True,True,True,False,True,False,False,False,False,False,True,False,False,False,False,False,2
0,19,2,0,4,3,1,2,8,9,3.6235100353445406,True,False,True,True,True,True,False,True,False,False,False,False,True,False,False,False,False,False,2
1,17,2,0,3,2,1,4,7,7,3.6482408044863437,True,False,True,True,False,True,False,False,True,True,False,False,False,False,False,False,True,True,2
0,19,3,0,4,3,1,5,6,4,3.1893559563200364,True,True,True,True,True,False,True,False,False,False,False,False,True,False,False,False,False,False,2
0,17,2,0,4,3,1,2,11,11,3.0969660477827916,True,False,True,True,False,True,False,True,False,True,False,False,True,False,False,False,False,True,2
0,19,3,0,4,3,1,5,6,4,3.2264743673194536,True,True,True,True,True,False,True,False,False,False,False,False,True,False,False,False,False,False,2
0,18,3,0,4,4,1,2,15,15,3.418306144924458,True,False,True,True,False,True,True,False,False,False,True,False,True,False,False,False,False,False,2
0,17,2,0,4,4,1,2,11,11,3.122425316551448,True,False,True,True,False,True,False,True,False,True,False,False,True,False,False,False,False,True,2
0,18,1,1,3,3,2,5,7,8,3.3185896821076875,True,False,True,True,True,True,True,True,False,False,False,False,True,False,False,False,False,False,2
0,18,1,0,3,2,1,4,8,8,3.225911768198661,True,False,True,True,True,False,True,True,False,False,False,False,True,False,False,False,False,False,2
0,18,2,0,4,4,1,3,11,11,3.1100441444913365,True,False,True,True,True,True,True,False,False,True,False,False,True,False,False,False,False,True,2
0,18,1,0,4,3,2,2,6,3,3.6067179794127964,True,False,True,False,True,True,True,False,False,False,False,False,True,False,False,False,False,False,2
0,18,1,0,4,3,3,2,5,3,3.5688007927845598,True,False,True,False,True,True,True,False,False,False,False,False,True,False,False,False,False,False,2
0,18,3,0,4,2,1,2,9,9,3.295213102028638,True,False,True,False,False,True,False,True,True,False,False,False,True,False,False,False,True,False,2
0,19,1,1,4,4,2,5,12,12,3.1305355614107166,True,True,True,False,True,False,True,True,False,False,False,False,True,False,False,False,False,False,2
1,17,2,0,3,1,1,4,9,9,3.205172963293453,True,False,True,False,True,True,True,False,True,False,False,False,True,False,False,False,True,False,2
0,17,2,0,4,3,1,5,6,7,3.5519576622878444,True,False,False,True,False,True,False,True,False,True,False,False,True,False,False,False,False,True,2
0,18,3,0,4,4,1,2,13,13,3.286934308820384,True,False,True,True,False,True,True,True,False,False,False,False,True,False,False,False,False,False,2
0,18,2,0,4,2,1,3,9,9,3.165169733351242,True,False,True,False,True,True,True,True,False,False,False,False,True,False,False,False,False,False,2
0,19,2,0,3,3,1,3,7,8,3.8927828545026566,True,False,False,True,True,True,False,True,False,False,False,False,True,False,False,False,False,False,2
1,17,2,0,4,2,1,2,7,1,4.078981816833128,True,False,True,True,False,True,True,False,False,True,False,False,True,False,False,False,False,True,2
1,18,2,0,3,2,1,2,8,9,3.9718714185854482,True,False,True,True,True,True,False,True,True,False,False,False,True,False,False,False,True,False,2
0,18,1,1,3,2,2,5,8,8,3.262557516285492,True,False,True,True,True,True,True,True,False,False,False,False,True,False,False,False,False,False,2
0,18,2,0,3,2,1,5,19,20,3.89431551799215,True,False,True,True,False,True,True,True,False,False,True,False,True,False,False,False,False,False,2
0,18,3,0,4,4,1,3,16,16,3.573181829506289,True,False,True,True,False,True,True,False,False,False,True,False,True,False,False,False,False,False,2
0,18,2,0,4,2,1,2,9,9,3.1982235257156924,True,False,True,False,True,True,True,True,False,False,False,False,True,False,False,False,False,False,2
0,18,3,0,4,5,1,2,13,13,3.284350109833162,True,True,True,True,True,True,True,True,False,False,False,False,True,False,False,False,False,False,2
0,18,2,0,4,2,1,4,19,19,3.84529624273213,True,False,True,False,False,True,True,True,False,False,True,False,True,False,False,False,False,False,2
0,18,1,1,3,2,2,4,7,7,3.1457955364934356,True,False,True,False,True,False,True,False,False,False,False,False,True,False,False,False,False,False,2
0,17,1,0,4,2,2,4,5,5,3.5544746821778466,True,False,True,True,True,True,True,False,False,True,False,False,True,False,False,False,False,True,2
0,17,2,0,3,2,1,4,8,8,3.581492117788055,True,False,True,True,False,True,False,True,True,False,False,False,True,False,False,False,True,False,2
0,20,2,1,3,2,1,5,17,20,3.110871949154407,True,False,False,True,False,True,False,True,False,False,False,False,True,False,False,False,False,False,2
0,19,2,0,3,3,1,2,8,9,3.8766669728840553,True,False,True,True,True,True,False,True,False,False,False,False,True,False,False,False,False,False,2
0,17,1,0,3,2,1,5,8,7,3.1491453348870078,True,False,True,True,True,True,True,False,False,True,False,False,True,False,False,False,False,True,2
0,18,1,0,3,2,1,4,8,8,3.313442836966769,True,False,True,True,True,False,True,True,False,False,False,False,True,False,False,False,False,False,2
0,17,3,0,4,5,1,2,12,12,3.2315835967283424,True,False,False,True,False,True,True,False,False,True,False,False,True,False,False,False,False,True,2
0,17,2,0,3,2,1,4,8,8,3.5876773293954476,True,False,True,True,False,True,False,True,True,False,False,False,True,False,False,False,True,False,2
1,17,2,0,4,2,1,5,6,6,3.430027703472685,True,True,False,True,True,True,True,False,False,True,False,False,True,False,False,False,False,True,2
1,19,3,0,3,3,1,3,7,7,3.552365817582936,True,True,False,True,True,False,True,True,False,False,False,False,True,False,False,False,False,False,2
0,19,2,0,3,2,1,5,15,20,3.322420146905837,True,False,True,True,False,True,True,True,False,False,True,False,True,False,False,False,False,False,2
0,19,2,0,5,3,1,2,8,10,3.2195224025095173,True,True,True,True,False,True,False,True,False,False,False,False,True,False,False,False,False,False,2
0,17,2,0,4,4,1,2,11,11,3.128631799182437,True,False,True,True,True,True,True,False,False,True,False,False,True,False,False,False,False,True,2
0,18,1,0,3,2,1,5,8,7,3.10245929421817,True,True,True,True,True,False,True,False,False,False,False,False,True,False,False,False,False,False,2
0,17,2,0,4,4,1,3,11,11,3.116215370607093,True,False,True,True,True,True,True,False,False,True,False,False,True,False,False,False,False,True,2
1,18,2,0,3,1,1,3,8,9,3.5148915627413677,True,False,True,True,True,False,True,True,False,False,False,False,True,False,False,False,False,False,2
0,18,1,0,4,3,1,2,7,0,4.014087426434343,True,False,True,False,True,True,True,False,False,False,False,False,True,False,False,False,False,False,2
0,18,1,0,4,3,1,2,7,0,4.114244651828443,True,False,True,False,True,True,True,False,False,False,False,False,True,False,False,False,False,False,2
1,17,2,0,3,2,1,4,8,8,3.619925993059592,True,False,True,True,False,True,False,False,True,True,False,False,False,False,False,False,True,True,2
0,19,1,1,4,5,2,4,13,12,3.1632656285096172,True,True,True,True,True,True,True,True,False,False,False,False,True,False,False,False,False,False,2
0,19,2,0,4,2,1,4,12,12,3.6048906682627404,True,False,True,True,True,True,True,True,False,False,False,False,True,False,False,False,False,False,2
0,19,2,0,3,2,1,4,13,19,3.0319761969701218,True,False,True,True,False,True,False,True,False,False,False,False,True,False,False,False,False,False,2
0,17,3,0,3,2,1,3,9,9,3.6048523729507154,True,False,True,False,False,True,False,True,True,False,False,False,True,False,False,False,True,False,2
0,18,2,0,4,3,1,5,7,8,3.3940181908242835,True,False,True,True,True,True,True,True,False,False,False,False,True,False,False,False,False,False,2
0,18,3,0,4,4,1,2,13,13,3.2317926330769184,True,False,True,True,False,True,True,True,False,False,False,False,True,False,False,False,False,False,2
0,19,1,0,5,4,3,4,8,10,3.4955687344846162,True,True,True,True,False,True,False,True,False,False,False,False,True,False,False,False,False,False,2
0,19,2,0,4,3,1,2,8,9,3.6677466674787573,True,False,True,True,True,True,False,True,False,False,False,False,True,False,False,False,False,False,2
0,18,1,0,4,3,2,2,6,2,3.8064055039609324,True,False,True,False,True,True,True,False,False,False,False,False,True,False,False,False,False,False,2
1,18,2,0,4,3,1,3,7,2,3.7174880378009565,True,True,True,True,True,True,True,False,False,False,False,False,True,False,False,False,False,False,2
0,18,2,0,4,3,1,5,18,18,3.7360451239290398,True,False,True,False,True,True,True,False,False,False,True,False,True,False,False,False,False,False,2
1,18,2,0,3,1,1,4,8,9,3.2615714266957303,True,False,True,True,True,False,True,True,False,False,False,False,True,False,False,False,False,False,2
0,18,2,1,3,2,1,5,20,20,3.6348618099735455,True,False,True,True,False,True,True,True,False,False,True,False,True,False,False,False,False,False,2
0,20,1,2,3,3,1,5,17,17,3.1712635534500744,True,True,True,True,True,True,False,True,False,False,False,False,True,False,False,False,False,False,2
0,18,2,0,4,2,1,2,9,9,3.180301749544863,True,False,True,False,True,True,True,True,False,False,False,False,True,False,False,False,False,False,2
0,17,3,0,3,2,1,3,9,9,3.5515887738596494,True,False,True,False,False,True,False,True,True,False,False,False,True,False,False,False,True,False,2
0,19,3,0,5,2,1,2,9,10,3.320777763766888,True,False,True,True,False,True,False,True,False,False,False,False,True,False,False,False,False,False,2
0,20,1,1,5,4,2,4,12,12,3.2937260080514768,True,True,True,True,True,True,False,True,False,False,False,False,True,False,False,False,False,False,2
0,18,2,0,4,4,1,3,11,11,3.1117768170136233,True,False,True,True,True,True,True,False,False,True,False,False,True,False,False,False,False,True,2
0,18,1,0,4,4,2,5,7,8,3.4499287068367854,True,True,False,True,False,True,False,True,False,False,False,False,True,False,False,False,False,False,2
0,19,2,0,4,2,1,3,12,12,3.5260517570920267,True,False,True,True,False,True,False,True,False,False,False,False,True,False,False,False,False,False,2
0,18,3,0,3,4,1,2,14,14,3.2901998196015736,True,False,False,True,False,True,True,True,False,False,False,False,True,False,False,False,False,False,2
0,18,1,0,4,4,4,5,8,10,3.570966928373131,True,True,True,True,True,True,True,True,False,False,False,False,True,False,False,False,False,False,2
0,19,2,0,4,2,1,3,12,12,3.134031656230434,True,False,True,True,False,True,False,True,False,False,False,False,True,False,False,False,False,False,2
