sex,job,child_in_family,activities,weekly_study_hours,Nationality,Score,Health,FamilyEDU,age,Predict,Fails,Free_time
M,no,3,no,27,Russian,2.93,1,0,19,F,6,4
F,no,2,no,47,Russian,2.98,4,1,21,F,15,19
F,no,9,yes,13,Russian,2.98,2,0,22,F,12,22
F,no,5,no,3,Russian,3.01,5,0,20,F,9,11
M,no,5,no,10,Russian,3.04,3,1,19,F,10,4
F,no,2,no,26,Russian,3.07,1,1,19,F,10,12
M,no,3,yes,23,Russian,3.09,1,1,21,F,6,2
M,yes,2,yes,34,Russian,3.12,2,0,18,F,7,16
M,no,6,no,25,Russian,3.14,5,0,17,F,5,13
F,no,3,yes,18,Russian,3.14,2,0,22,F,0,3
F,no,2,no,7,Russian,3.15,2,1,18,F,4,4
M,no,1,no,7,Russian,3.15,1,1,20,F,13,9
F,yes,7,no,4,Russian,3.17,4,1,18,F,0,18
F,no,10,no,2,Russian,3.17,4,0,18,F,5,20
F,no,3,no,39,Russian,3.18,3,0,21,F,17,8
M,no,6,no,0,Russian,3.18,1,0,20,F,16,20
F,no,3,yes,30,Russian,3.19,3,0,21,F,11,12
M,no,2,yes,28,Russian,3.19,5,1,21,F,17,2
M,no,1,no,37,Russian,3.21,1,0,17,F,8,4
F,no,2,no,27,Russian,3.22,2,1,19,F,5,23
M,yes,3,no,15,Russian,3.22,1,0,19,F,14,6
M,no,8,no,4,Russian,3.24,2,1,22,F,11,19
F,no,9,no,2,Russian,3.24,2,1,18,F,1,15
M,no,9,no,1,Russian,3.24,4,1,19,F,10,5
F,no,4,no,35,Russian,3.25,4,0,21,F,11,9
F,no,5,no,22,Russian,3.25,3,1,17,F,5,12
M,no,3,no,34,Russian,3.26,5,0,21,F,18,18
M,no,0,no,23,Russian,3.26,1,1,19,F,14,9
M,no,1,yes,17,Russian,3.26,3,1,20,F,20,4
F,no,3,no,19,Russian,3.26,2,0,17,F,4,20
F,no,0,no,14,Russian,3.27,1,0,21,F,3,8
F,no,4,no,30,Russian,3.27,2,0,22,F,17,5
M,no,4,no,30,Russian,3.27,2,0,18,F,17,7
F,no,1,no,24,Russian,3.28,2,1,17,F,14,6
F,no,3,yes,31,Russian,3.29,5,1,17,F,19,23
F,no,1,no,21,Russian,3.29,4,1,20,F,16,9
M,no,2,yes,19,Russian,3.29,5,0,22,F,16,8
M,no,1,no,29,Russian,3.29,4,0,22,F,19,14
M,no,4,no,21,Russian,3.29,2,0,18,F,6,10
M,no,4,no,18,Russian,3.3,2,0,18,F,2,6
F,no,4,no,31,Russian,3.3,3,1,22,F,9,14
M,yes,7,no,4,Russian,3.31,2,0,22,F,8,9
F,yes,6,no,3,Russian,3.31,2,0,17,F,15,21
F,no,4,no,3,Russian,3.31,3,1,21,F,1,22
M,yes,4,no,3,Russian,3.31,1,0,17,F,21,4
M,yes,5,yes,5,Russian,3.31,3,0,18,F,13,16
F,no,5,yes,27,Russian,3.31,2,0,20,F,20,18
M,no,0,yes,28,Russian,3.32,2,1,22,F,8,10
F,no,4,no,32,Russian,3.32,3,1,21,F,0,3
F,no,0,no,14,Russian,3.32,1,0,18,F,10,15
M,no,6,yes,16,Russian,3.33,4,0,19,F,13,2
F,no,2,no,24,Russian,3.34,4,1,18,F,21,5
M,no,9,no,0,Russian,3.34,3,0,18,F,8,20
F,no,3,no,32,Russian,3.34,4,1,22,F,0,21
M,no,2,no,3,Russian,3.35,4,0,21,F,7,13
F,no,6,no,31,Russian,3.35,3,1,17,F,4,9
F,no,3,no,21,Russian,3.35,2,0,21,F,7,16
M,yes,2,no,18,Russian,3.35,3,0,19,F,15,18
M,no,7,no,26,Russian,3.36,1,1,17,F,1,15
M,no,4,no,23,Russian,3.36,3,1,22,F,14,19
F,no,2,no,1,Russian,3.36,2,0,20,F,16,12
F,no,5,no,33,Russian,3.36,3,0,19,F,18,23
M,no,7,no,2,Russian,3.36,2,1,17,F,17,18
F,no,1,no,34,Russian,3.37,3,0,20,F,19,9
M,no,2,no,18,Russian,3.37,5,1,21,F,1,20
F,yes,6,no,2,Russian,3.38,3,1,18,F,0,3
M,no,3,no,27,Russian,3.38,2,0,19,F,6,12
M,no,2,no,8,Russian,3.39,2,1,21,F,19,6
M,no,4,no,14,Russian,3.39,4,1,17,F,3,21
M,no,10,yes,22,Russian,3.39,1,0,17,F,11,6
F,no,1,no,15,Russian,3.4,4,1,22,F,5,14
F,yes,3,no,22,Russian,3.4,4,1,18,F,0,12
M,yes,10,no,1,Russian,3.4,3,0,21,F,20,12
M,yes,8,no,3,Russian,3.41,5,0,22,F,6,14
F,no,2,no,20,Russian,3.41,4,1,20,F,20,4
F,no,7,yes,27,Russian,3.41,1,0,18,F,21,15
F,no,3,no,24,Russian,3.41,3,0,19,F,11,17
F,no,1,yes,5,Russian,3.42,3,1,18,F,17,3
F,no,7,no,34,Russian,3.42,3,0,21,F,21,23
M,no,3,no,16,Russian,3.42,3,1,19,F,7,23
F,yes,3,no,3,Russian,3.42,5,1,18,F,2,4
F,no,1,no,15,Russian,3.42,2,1,19,F,1,7
F,no,7,no,11,Russian,3.43,4,1,19,F,2,21
M,no,7,no,32,Russian,3.43,5,0,22,F,14,16
M,no,3,no,28,Russian,3.44,5,1,18,F,7,15
M,no,1,no,24,Russian,3.44,1,1,18,F,1,9
F,no,2,no,9,Russian,3.44,3,0,21,F,10,6
F,no,3,yes,14,Russian,3.44,4,1,17,F,16,7
M,no,3,no,16,Russian,3.44,4,0,21,F,8,8
M,no,3,no,29,Russian,3.44,4,0,19,F,20,10
M,no,0,no,14,Russian,3.44,2,0,20,F,13,20
M,no,4,no,10,Russian,3.45,4,0,22,D,20,8
M,no,5,no,31,Russian,3.46,5,0,21,D,18,14
M,no,4,no,34,Russian,3.46,5,1,22,D,1,12
F,no,5,no,3,Russian,3.46,2,1,18,D,4,2
F,no,2,yes,34,Russian,3.46,3,0,18,D,5,19
F,no,3,yes,2,Russian,3.46,1,1,22,D,0,23
M,no,3,no,4,Russian,3.47,5,1,17,D,1,21
M,yes,0,no,28,Russian,3.47,4,0,19,D,2,14
F,no,0,no,5,Russian,3.47,4,0,18,D,0,23
F,no,2,no,4,Russian,3.47,3,0,22,D,1,16
F,no,2,no,25,Russian,3.47,4,1,21,D,2,6
M,no,5,no,29,Russian,3.47,2,1,20,D,0,14
M,yes,6,no,1,Russian,3.48,2,1,18,D,1,21
F,no,7,no,2,Russian,3.48,2,0,18,D,5,14
F,no,2,no,0,Russian,3.48,5,1,19,D,0,2
F,no,3,no,16,Russian,3.48,4,0,20,D,4,9
M,no,3,yes,31,Russian,3.49,2,1,18,D,6,2
F,no,1,no,4,Russian,3.49,3,1,20,D,1,5
M,no,5,yes,13,Russian,3.49,3,1,21,D,3,11
M,no,4,no,24,Russian,3.49,4,1,21,D,0,7
F,yes,9,no,2,Russian,3.49,3,0,17,D,4,3
M,yes,2,yes,4,Russian,3.49,1,0,19,D,0,20
F,no,1,no,22,Russian,3.49,3,0,21,D,6,18
M,no,6,yes,0,Russian,3.49,2,0,18,D,3,15
M,no,2,no,24,Russian,3.49,1,1,20,D,7,10
F,no,6,no,1,Russian,3.5,5,0,22,D,2,3
F,no,1,no,19,Russian,3.5,3,0,19,D,3,12
M,no,1,yes,19,Russian,3.5,2,1,19,D,2,10
F,no,6,no,5,Russian,3.5,3,1,21,D,0,4
F,yes,0,no,13,Russian,3.5,5,0,22,D,3,3
M,no,4,no,26,Russian,3.51,2,1,18,D,3,21
M,no,4,no,41,Russian,3.51,5,1,19,D,4,13
F,no,3,no,47,Russian,3.51,3,1,20,D,0,13
F,no,2,no,9,Russian,3.51,3,0,21,D,6,22
F,no,4,no,7,Russian,3.51,4,0,22,D,0,18
M,no,1,no,3,Russian,3.52,5,0,22,D,5,11
M,no,4,yes,14,Russian,3.52,1,1,19,D,2,17
F,no,4,no,26,Russian,3.52,5,0,22,D,0,2
M,no,6,yes,27,Russian,3.53,2,1,21,D,0,17
F,yes,5,no,25,Russian,3.53,2,0,18,D,3,15
F,yes,4,no,16,Russian,3.54,3,0,20,D,0,20
F,no,4,no,27,Russian,3.54,2,1,17,D,1,9
M,yes,6,no,0,Russian,3.54,1,0,22,D,2,14
M,no,1,no,3,Russian,3.54,4,0,22,D,5,19
F,no,2,no,6,Russian,3.54,1,1,21,D,4,2
M,no,2,no,12,Russian,3.55,5,1,20,D,1,5
F,no,1,yes,11,Russian,3.55,5,0,21,D,4,7
F,no,4,no,23,Russian,3.55,4,0,20,D,0,4
M,no,2,no,23,Russian,3.55,4,1,20,D,2,20
M,no,0,no,16,Russian,3.56,5,1,22,D,6,18
M,yes,2,yes,3,Russian,3.56,3,1,20,D,4,21
F,no,1,no,29,Russian,3.56,5,1,18,D,1,18
M,no,3,yes,18,Russian,3.56,2,1,22,D,0,16
F,no,0,no,3,Russian,3.56,2,0,17,D,2,23
M,no,3,no,6,Russian,3.56,3,1,20,D,2,22
M,no,8,no,2,Russian,3.56,3,1,20,D,6,7
M,no,0,no,34,Russian,3.56,1,0,20,D,2,4
F,no,4,yes,22,Russian,3.57,4,1,22,D,6,20
F,yes,5,no,4,Russian,3.57,1,1,17,D,4,15
F,no,3,no,3,Russian,3.57,1,0,22,D,2,5
M,yes,10,no,2,Russian,3.57,5,0,17,D,4,4
F,no,5,no,18,Russian,3.57,2,1,19,D,4,19
M,no,0,no,8,Russian,3.57,4,1,19,D,5,3
F,no,1,no,33,Russian,3.57,4,0,21,D,1,21
M,no,0,yes,13,Russian,3.58,4,0,20,D,3,8
F,no,0,yes,17,Russian,3.58,1,0,21,D,5,11
M,yes,8,no,1,Russian,3.58,3,0,21,D,3,5
M,yes,7,yes,3,Russian,3.58,1,1,18,D,1,2
M,yes,4,yes,33,Russian,3.58,1,1,22,D,2,5
M,no,1,no,12,Russian,3.58,1,1,17,D,6,16
M,yes,3,no,24,Russian,3.58,1,1,21,D,7,15
M,no,4,no,33,Russian,3.58,1,0,17,D,3,9
M,no,1,yes,44,Russian,3.58,2,1,22,D,0,12
F,no,1,no,15,Russian,3.58,1,1,22,D,6,18
F,no,2,no,5,Russian,3.59,4,0,21,D,2,22
F,yes,7,no,5,Russian,3.59,4,1,21,D,0,19
F,no,5,no,22,Russian,3.59,2,0,17,D,4,8
M,no,1,no,9,Russian,3.59,5,1,18,D,0,17
M,no,4,yes,34,Russian,3.59,1,0,21,D,2,10
F,no,1,no,34,Russian,3.59,4,0,20,D,4,2
F,no,4,no,25,Russian,3.59,5,1,20,D,5,18
F,no,5,yes,31,Russian,3.6,4,1,19,D,3,11
M,no,1,no,33,Russian,3.6,5,0,22,D,0,20
F,no,10,yes,3,Russian,3.6,1,1,20,D,2,4
M,no,2,no,20,Russian,3.6,1,0,17,D,2,2
M,no,3,no,15,Russian,3.6,4,1,18,D,0,10
F,no,3,no,26,Russian,3.6,5,1,18,D,2,18
F,no,5,no,35,Russian,3.6,4,1,18,D,7,14
M,no,4,no,12,Russian,3.6,3,0,22,D,5,20
M,no,2,yes,5,Russian,3.61,1,1,19,D,7,9
M,no,1,no,31,Russian,3.61,1,1,21,D,4,12
F,no,3,yes,28,Russian,3.61,5,0,19,D,7,10
M,no,8,yes,5,Russian,3.61,2,0,20,D,0,4
F,no,1,no,33,Russian,3.61,1,0,18,D,5,17
F,no,3,no,2,Russian,3.61,2,1,21,D,4,4
F,no,5,yes,9,Russian,3.61,4,0,17,D,7,23
F,yes,2,yes,0,Russian,3.61,5,1,19,D,1,17
M,no,5,no,26,Russian,3.61,2,1,17,D,3,13
F,no,5,no,30,Russian,3.61,3,0,20,D,1,2
F,no,7,no,1,Russian,3.62,4,0,22,D,2,18
M,no,1,yes,26,Russian,3.62,5,0,19,D,5,11
F,no,2,no,2,Russian,3.62,4,1,19,D,2,5
M,no,5,no,9,Russian,3.62,5,0,20,D,2,7
F,no,2,no,30,Russian,3.62,5,0,17,D,3,23
F,no,3,no,24,Russian,3.62,2,1,19,D,6,20
M,no,4,no,21,Russian,3.62,5,1,19,D,5,4
F,no,2,no,14,Russian,3.63,3,1,20,D,0,14
F,no,1,no,24,Russian,3.63,2,1,20,D,7,9
F,no,3,no,34,Russian,3.63,2,1,19,D,4,5
M,no,1,yes,34,Russian,3.63,4,1,22,D,7,23
M,no,6,yes,27,Russian,3.63,4,1,21,D,0,16
F,no,3,no,16,Russian,3.64,1,0,19,D,7,18
F,no,1,yes,21,Russian,3.64,4,0,22,D,5,8
F,no,1,no,1,Russian,3.64,5,0,18,D,3,22
M,no,3,no,17,Russian,3.64,3,1,21,D,5,7
M,no,5,no,0,Russian,3.64,2,1,17,D,6,11
M,no,3,yes,12,Russian,3.64,2,0,17,D,1,8
F,no,2,no,22,Russian,3.64,2,0,18,D,0,16
F,no,1,yes,14,Russian,3.64,2,1,21,D,0,2
M,no,0,no,41,Russian,3.64,4,0,22,D,5,2
M,no,4,no,32,Russian,3.64,5,1,21,D,7,8
M,yes,1,no,4,Russian,3.64,2,1,19,D,6,10
F,no,1,no,22,Russian,3.64,2,0,20,D,1,7
F,no,3,no,17,Russian,3.64,2,0,18,D,2,12
M,no,2,no,2,Russian,3.64,2,0,21,D,1,7
F,no,4,no,33,Russian,3.64,5,1,21,D,4,5
F,no,5,no,29,Russian,3.64,4,0,20,D,7,22
F,yes,1,no,27,Russian,3.64,4,0,21,D,0,5
M,no,6,yes,34,Russian,3.64,4,1,20,D,1,7
M,no,3,no,2,Russian,3.64,3,1,21,D,0,16
F,no,3,no,22,Russian,3.65,5,1,21,D,4,16
M,no,7,no,33,Russian,3.65,2,0,22,D,7,6
M,no,5,no,17,Russian,3.65,2,0,20,D,5,16
M,no,7,no,4,Russian,3.65,2,0,18,D,7,20
F,no,7,yes,3,Russian,3.65,4,1,20,D,4,2
F,no,7,no,3,Russian,3.65,4,1,18,D,0,20
F,no,7,yes,17,Russian,3.65,1,1,19,D,0,16
M,no,3,no,6,Russian,3.66,4,0,18,D,4,17
M,no,7,no,9,Russian,3.66,5,0,17,D,2,18
M,yes,2,no,35,Russian,3.66,1,0,19,D,6,19
F,no,3,no,17,Russian,3.66,2,0,22,D,0,12
F,no,1,no,7,Russian,3.66,5,0,18,D,0,16
M,no,5,no,16,Russian,3.66,5,1,19,D,7,2
F,no,1,no,20,Russian,3.66,5,0,20,D,0,10
M,yes,7,no,0,Russian,3.66,1,1,21,D,6,3
M,no,2,no,27,Russian,3.66,1,0,20,D,0,19
M,no,0,no,24,Russian,3.66,1,0,17,D,2,8
M,no,2,no,30,Russian,3.66,4,0,17,D,6,19
M,no,6,no,20,Russian,3.66,1,1,17,D,1,20
M,no,0,no,27,Russian,3.66,2,1,22,D,5,5
M,no,6,no,2,Russian,3.66,4,0,21,D,1,9
F,no,6,no,16,Russian,3.66,4,0,18,D,6,17
M,yes,1,no,27,Russian,3.67,3,1,17,D,2,2
M,no,4,yes,24,Russian,3.67,2,1,17,D,1,9
M,no,4,no,23,Russian,3.67,1,0,19,D,2,5
M,no,1,no,15,Russian,3.67,4,0,17,D,7,11
M,no,3,no,25,Russian,3.67,1,1,20,D,3,3
F,no,2,no,32,Russian,3.67,4,0,17,D,3,19
M,no,3,no,35,Russian,3.67,1,0,19,D,7,7
F,no,3,no,3,Russian,3.67,4,1,18,D,6,3
F,no,1,no,28,Russian,3.67,1,1,22,D,2,21
M,no,1,no,3,Russian,3.68,2,1,21,D,5,7
F,no,0,no,21,Russian,3.68,3,0,20,D,6,19
M,no,3,no,35,Russian,3.68,3,0,18,D,0,15
F,no,7,yes,35,Russian,3.68,3,0,18,D,2,11
F,no,7,yes,14,Russian,3.68,1,0,22,D,4,4
F,yes,7,no,1,Russian,3.68,5,1,21,D,6,6
F,no,9,yes,0,Russian,3.68,1,0,21,D,1,10
M,no,2,no,12,Russian,3.68,5,0,18,D,3,10
F,no,3,no,35,Russian,3.68,2,1,17,D,4,22
M,no,4,no,2,Russian,3.69,2,1,22,D,0,19
M,yes,2,no,16,Russian,3.69,1,0,17,D,0,7
F,no,3,no,31,Russian,3.69,3,0,19,D,2,13
M,no,5,no,4,Russian,3.69,1,0,18,D,4,9
M,no,3,no,19,Russian,3.69,3,1,19,D,2,7
F,no,3,yes,15,Russian,3.69,2,0,17,D,1,10
F,no,1,no,30,Russian,3.69,4,0,18,D,3,7
F,no,7,no,17,Russian,3.69,5,0,22,D,3,2
F,no,2,no,23,Russian,3.69,1,1,22,D,5,22
M,no,1,no,3,Russian,3.69,5,1,19,D,5,12
F,no,7,no,4,Russian,3.69,5,1,20,D,0,13
M,no,0,no,25,Russian,3.69,3,1,22,D,3,18
M,yes,10,no,1,Russian,3.69,2,1,22,D,0,11
M,no,1,no,24,Russian,3.7,1,1,19,D,1,9
M,no,1,no,15,Russian,3.7,5,1,18,D,6,5
F,yes,7,no,1,Russian,3.7,3,1,21,D,1,20
M,no,1,yes,33,Russian,3.7,3,0,19,D,5,7
F,no,1,no,11,Russian,3.7,5,0,20,D,6,2
M,no,3,no,10,Russian,3.7,3,0,20,D,7,13
F,no,7,yes,15,Russian,3.7,4,1,18,D,0,8
M,no,5,no,34,Russian,3.7,2,0,19,D,5,7
M,no,3,no,30,Russian,3.7,5,0,17,D,0,17
F,yes,4,yes,4,Russian,3.7,3,1,19,D,1,6
F,no,2,no,28,Russian,3.7,2,0,17,D,1,10
M,no,5,yes,29,Russian,3.7,1,1,20,D,7,7
F,no,7,yes,30,Russian,3.71,2,1,19,D,7,16
M,no,4,no,31,Russian,3.71,4,0,18,D,7,2
F,no,8,no,1,Russian,3.71,3,1,18,D,2,9
F,no,6,no,16,Russian,3.71,4,1,18,D,2,15
F,no,2,yes,18,Russian,3.71,5,0,18,D,1,5
F,yes,1,no,4,Russian,3.71,3,0,18,D,5,2
F,no,8,no,32,Russian,3.71,1,1,20,D,3,7
F,no,2,no,12,Russian,3.71,1,1,18,D,6,3
F,yes,6,no,5,Russian,3.71,5,1,22,D,1,9
F,no,2,yes,15,Russian,3.71,3,0,21,D,5,2
F,no,3,no,31,Russian,3.71,1,1,17,D,5,11
M,no,2,no,2,Russian,3.71,2,1,17,D,4,20
F,no,1,no,2,Russian,3.71,3,1,20,D,1,2
M,no,3,no,20,Russian,3.71,4,1,19,D,4,17
M,no,1,yes,11,Russian,3.71,5,0,18,D,2,8
F,no,10,no,26,Russian,3.71,2,0,17,D,6,2
F,no,3,no,22,Russian,3.71,4,0,17,D,3,3
F,no,1,yes,12,Russian,3.72,4,0,18,D,4,20
F,yes,10,no,4,Russian,3.72,2,1,17,D,5,6
F,no,3,no,34,Russian,3.72,4,0,22,D,3,9
F,no,0,no,9,Russian,3.72,3,0,21,D,5,14
F,no,5,no,43,Russian,3.72,2,0,18,D,1,22
F,no,2,no,1,Russian,3.72,1,0,18,D,7,18
F,no,2,no,19,Russian,3.72,3,0,21,D,5,21
F,yes,4,no,2,Russian,3.72,3,0,20,D,0,4
M,no,1,no,34,Russian,3.72,3,1,21,D,7,8
F,no,4,yes,31,Russian,3.72,2,0,21,D,3,19
F,no,4,no,11,Russian,3.73,2,1,20,D,1,3
M,no,2,no,35,Russian,3.73,2,1,19,D,7,19
M,no,4,no,20,Russian,3.73,2,1,17,D,3,11
F,yes,0,no,22,Russian,3.73,1,1,19,D,0,21
F,no,3,no,2,Russian,3.73,2,1,17,D,7,7
M,no,7,no,1,Russian,3.73,4,0,21,D,0,14
F,no,4,no,34,Russian,3.73,3,0,19,D,3,8
M,yes,6,no,17,Russian,3.73,4,0,17,D,0,11
M,no,6,no,34,Russian,3.73,5,0,17,D,4,13
F,yes,5,no,25,Russian,3.73,4,1,20,D,4,9
M,no,3,no,8,Russian,3.73,5,0,17,D,2,23
M,no,3,no,4,Russian,3.74,1,0,18,D,7,4
F,no,1,yes,26,Russian,3.74,3,0,17,D,4,2
M,no,1,no,13,Russian,3.74,4,1,20,D,3,10
F,no,1,yes,4,Russian,3.74,3,0,19,D,4,9
M,no,2,no,27,Russian,3.74,1,1,17,D,1,22
M,no,5,no,32,Russian,3.74,1,0,20,D,3,17
F,no,1,no,25,Russian,3.74,5,1,20,D,4,3
F,no,1,no,13,Russian,3.74,1,0,20,D,6,10
M,no,1,no,31,Russian,3.74,1,0,21,D,2,13
F,no,3,no,8,Russian,3.74,2,0,18,D,6,15
M,yes,9,no,0,Russian,3.74,4,0,18,D,4,11
M,no,7,no,6,Russian,3.74,5,0,20,D,7,21
M,no,2,no,7,Russian,3.74,3,0,21,D,6,17
M,no,1,no,32,Russian,3.74,1,0,17,D,2,23
M,no,5,yes,30,Russian,3.74,3,1,19,D,7,23
M,no,9,no,4,Russian,3.74,3,0,20,D,3,18
F,no,5,no,15,Russian,3.74,5,1,20,D,0,17
M,no,2,no,2,Russian,3.74,4,1,18,D,7,2
M,no,8,yes,32,Russian,3.74,2,1,22,D,5,7
M,no,2,no,24,Russian,3.74,4,0,22,D,0,14
F,no,1,no,18,Russian,3.74,5,1,18,D,6,8
M,yes,10,no,5,Russian,3.75,1,0,18,D,5,14
F,yes,3,no,24,Russian,3.75,3,0,19,D,1,15
M,no,1,no,16,Russian,3.75,2,1,18,D,5,19
M,no,1,no,15,Russian,3.75,4,1,17,D,5,19
M,no,3,no,26,Russian,3.75,4,1,17,D,0,12
F,no,3,no,15,Russian,3.75,2,1,18,D,3,15
F,no,1,no,5,Russian,3.75,4,0,22,D,5,19
M,no,1,yes,14,Russian,3.75,1,0,21,D,5,21
M,no,4,no,1,Russian,3.75,1,1,22,D,2,4
M,no,5,no,10,Russian,3.75,4,1,18,D,4,12
F,no,6,no,5,Russian,3.75,3,1,19,D,2,13
M,no,2,no,26,Russian,3.75,5,0,20,D,4,20
F,no,2,yes,26,Russian,3.75,5,0,17,D,4,10
F,no,2,no,14,Russian,3.75,3,0,18,D,7,20
M,no,7,yes,21,Russian,3.76,4,1,19,D,2,5
F,no,2,no,32,Russian,3.76,4,1,22,D,3,18
M,no,0,no,30,Russian,3.76,2,1,18,D,4,4
F,no,3,no,13,Russian,3.76,2,1,19,D,4,18
F,no,7,no,33,Russian,3.76,5,1,19,D,4,7
F,no,3,no,15,Russian,3.76,4,1,22,D,0,8
M,no,10,no,33,Russian,3.76,2,0,17,D,6,22
M,no,2,no,11,Russian,3.76,3,0,21,D,6,21
F,no,2,no,30,Russian,3.76,2,1,21,D,5,16
F,no,7,no,2,Russian,3.76,1,1,21,D,2,13
M,no,3,no,4,Russian,3.76,5,1,21,D,5,22
M,no,3,no,32,Russian,3.76,3,1,20,D,2,13
F,yes,7,no,0,Russian,3.76,4,1,21,D,5,12
F,no,2,no,4,Russian,3.76,2,1,17,D,2,23
M,yes,10,yes,0,Russian,3.76,3,0,18,D,5,15
F,no,5,yes,21,Russian,3.76,5,1,17,D,1,21
F,no,2,no,29,Russian,3.76,5,0,18,D,5,14
M,no,3,no,32,Russian,3.76,3,1,17,D,0,2
F,no,7,no,14,Russian,3.76,5,1,20,D,6,16
M,no,1,no,25,Russian,3.76,5,1,18,D,4,3
M,no,7,yes,4,Russian,3.76,2,0,21,D,6,23
F,no,2,yes,32,Russian,3.76,3,0,20,D,7,5
M,no,2,no,7,Russian,3.76,2,1,21,D,7,4
F,yes,1,no,22,Russian,3.77,4,0,18,D,4,7
M,no,5,no,3,Russian,3.77,5,1,19,D,6,12
M,yes,8,no,1,Russian,3.77,4,1,20,D,5,8
M,no,4,yes,23,Russian,3.77,1,1,21,C,4,12
F,no,0,no,42,Russian,3.77,3,0,19,C,7,7
M,no,1,no,30,Russian,3.77,2,1,22,C,3,15
F,no,1,no,1,Russian,3.77,3,0,20,C,0,7
F,yes,3,yes,17,Russian,3.77,1,1,20,C,6,3
M,no,2,no,48,Russian,3.77,1,1,21,C,0,12
M,no,4,yes,24,Russian,3.77,2,0,17,C,0,19
F,no,6,no,31,Russian,3.77,1,0,22,C,3,3
M,yes,7,no,0,Russian,3.77,2,1,17,C,5,20
M,no,9,no,2,Russian,3.77,5,1,20,C,4,23
F,no,1,no,24,Russian,3.78,3,1,21,C,1,17
F,no,7,no,2,Russian,3.78,4,1,19,C,5,13
M,no,0,no,32,Russian,3.78,5,0,20,C,3,20
F,no,2,no,4,Russian,3.78,5,1,19,C,1,8
M,no,4,no,32,Russian,3.78,1,0,19,C,0,16
M,no,3,no,16,Russian,3.78,2,1,17,C,2,20
F,no,1,no,20,Russian,3.78,4,0,19,C,3,13
M,no,4,no,28,Russian,3.78,3,0,17,C,7,3
M,no,7,no,30,Russian,3.78,1,1,20,C,4,11
F,no,3,no,17,Russian,3.78,5,0,19,C,4,8
F,no,5,no,25,Russian,3.78,1,0,20,C,1,9
M,no,5,no,18,Russian,3.78,2,1,17,C,1,23
M,yes,1,no,23,Russian,3.78,5,0,22,C,0,9
M,no,4,yes,23,Russian,3.79,4,1,18,C,4,3
F,no,6,no,21,Russian,3.79,2,1,18,C,4,19
F,no,3,no,27,Russian,3.79,1,1,18,C,6,10
F,no,5,no,14,Russian,3.79,3,1,18,C,1,9
M,no,2,yes,37,Russian,3.79,4,1,17,C,3,4
M,no,3,no,29,Russian,3.79,1,0,21,C,1,7
M,yes,6,no,4,Russian,3.79,2,0,22,C,4,18
F,no,3,no,16,Russian,3.79,1,1,18,C,2,20
F,no,4,no,30,Russian,3.79,1,1,19,C,1,16
M,yes,7,no,1,Russian,3.79,4,1,17,C,6,9
M,no,3,yes,24,Russian,3.79,5,0,17,C,7,8
F,no,2,no,35,Russian,3.79,5,1,22,C,2,23
F,no,1,no,14,Russian,3.79,1,0,18,C,5,23
F,no,1,no,3,Russian,3.79,4,1,18,C,7,20
F,no,4,no,15,Russian,3.79,3,0,22,C,7,11
M,no,5,no,23,Russian,3.79,2,0,21,C,3,11
M,no,6,no,19,Russian,3.79,5,1,19,C,3,6
M,no,3,no,33,Russian,3.79,3,0,22,C,2,3
F,no,0,no,14,Russian,3.79,5,1,18,C,0,11
F,no,1,yes,0,Russian,3.79,1,1,21,C,7,22
F,no,1,no,34,Russian,3.79,4,0,20,C,1,4
M,no,5,no,33,Russian,3.79,2,1,17,C,5,19
F,no,7,no,7,Russian,3.79,4,1,20,C,6,9
M,no,2,no,18,Russian,3.79,2,0,19,C,5,20
M,no,9,no,4,Russian,3.79,1,1,21,C,1,9
M,no,6,no,10,Russian,3.8,2,0,20,C,0,18
M,yes,2,no,22,Russian,3.8,1,1,17,C,1,23
F,no,5,no,28,Russian,3.8,5,0,19,C,6,3
M,no,2,no,2,Russian,3.8,4,0,18,C,6,4
F,no,1,no,0,Russian,3.8,4,1,20,C,3,5
M,no,3,no,24,Russian,3.8,3,0,18,C,4,17
M,no,2,no,15,Russian,3.8,5,1,18,C,7,8
F,yes,2,no,1,Russian,3.8,2,0,22,C,2,8
M,no,1,no,8,Russian,3.8,4,1,19,C,2,2
F,no,7,no,9,Russian,3.8,4,1,19,C,7,21
M,no,4,no,33,Russian,3.8,1,1,21,C,3,8
F,no,3,no,32,Russian,3.8,3,0,20,C,5,13
F,yes,9,no,4,Russian,3.8,1,0,22,C,5,23
M,no,2,no,2,Russian,3.8,4,1,18,C,2,15
M,no,3,no,20,Russian,3.8,3,1,21,C,2,8
F,no,1,no,21,Russian,3.8,5,1,17,C,7,8
F,no,3,no,29,Russian,3.8,4,1,17,C,5,16
F,no,3,no,13,Russian,3.8,3,0,20,C,3,3
M,no,1,no,24,Russian,3.8,3,1,19,C,0,13
M,no,7,no,30,Russian,3.8,1,1,20,C,3,5
M,no,1,no,25,Russian,3.8,3,0,20,C,3,11
M,no,1,no,1,Russian,3.81,4,1,20,C,4,14
M,no,4,no,27,Russian,3.81,5,1,18,C,3,4
M,no,0,yes,4,Russian,3.81,5,1,18,C,1,2
F,no,2,yes,32,Russian,3.81,3,0,18,C,0,15
F,no,1,no,1,Russian,3.81,1,0,20,C,5,17
F,no,2,no,32,Russian,3.81,3,0,22,C,1,16
F,no,1,yes,4,Russian,3.81,3,0,19,C,3,18
M,no,4,no,28,Russian,3.81,1,0,17,C,3,13
F,no,3,yes,32,Russian,3.81,4,1,17,C,1,22
F,no,1,no,33,Russian,3.81,2,0,20,C,3,8
M,yes,2,no,4,Russian,3.81,2,0,21,C,6,19
M,no,1,no,31,Russian,3.81,3,1,21,C,2,23
M,no,5,no,17,Russian,3.81,2,0,19,C,4,11
M,no,2,no,23,Russian,3.81,3,1,17,C,4,6
F,no,0,no,29,Russian,3.81,1,0,17,C,3,9
M,no,2,no,19,Russian,3.81,5,0,18,C,3,7
M,yes,4,yes,26,Russian,3.81,5,0,21,C,2,9
F,no,7,no,7,Russian,3.81,2,0,18,C,4,6
F,no,6,no,4,Russian,3.81,3,1,19,C,4,14
M,no,6,no,22,Russian,3.81,1,0,22,C,5,2
M,yes,6,yes,4,Russian,3.81,3,1,20,C,3,17
F,no,3,no,29,Russian,3.81,2,1,22,C,3,17
M,no,8,yes,21,Russian,3.81,1,1,20,C,6,19
F,no,3,no,5,Russian,3.81,4,1,18,C,2,19
M,no,5,no,15,Russian,3.81,4,1,18,C,7,23
M,no,3,yes,10,Russian,3.81,3,1,22,C,2,9
F,yes,7,no,2,Russian,3.81,5,1,21,C,2,21
F,no,4,yes,0,Russian,3.81,1,1,22,C,5,13
M,no,5,yes,3,Russian,3.81,5,1,20,C,6,18
F,no,6,yes,1,Russian,3.81,5,0,19,C,4,10
F,no,3,yes,26,Russian,3.81,5,0,20,C,7,18
F,yes,5,no,2,Russian,3.81,1,1,17,C,2,15
F,no,3,no,21,Russian,3.81,4,1,21,C,6,13
F,no,10,no,5,Russian,3.82,2,0,21,C,0,19
F,yes,10,no,5,Russian,3.82,3,0,19,C,6,23
F,no,5,no,0,Russian,3.82,4,0,20,C,3,18
F,no,5,yes,10,Russian,3.82,5,1,17,C,3,21
M,no,5,no,2,Russian,3.82,5,1,19,C,0,5
F,no,5,yes,24,Russian,3.82,2,1,21,C,2,10
M,no,4,no,46,Russian,3.82,3,1,17,C,7,15
M,no,3,no,31,Russian,3.82,3,1,22,C,7,6
M,no,1,no,33,Russian,3.82,5,1,19,C,3,4
F,no,5,no,26,Russian,3.82,1,0,22,C,2,3
M,no,2,no,19,Russian,3.82,1,0,18,C,0,17
M,no,3,no,25,Russian,3.82,3,1,19,C,3,15
F,no,3,no,24,Russian,3.82,2,0,18,C,6,9
M,no,1,no,21,Russian,3.82,3,0,18,C,5,8
F,yes,8,yes,0,Russian,3.82,1,0,21,C,1,2
M,no,4,no,30,Russian,3.82,4,0,17,C,0,21
F,no,4,no,32,Russian,3.83,4,0,20,C,6,9
F,no,8,no,15,Russian,3.83,2,0,18,C,6,7
F,no,6,no,15,Russian,3.83,4,0,18,C,2,7
F,no,3,yes,4,Russian,3.83,3,1,21,C,1,18
M,no,1,yes,27,Russian,3.83,1,0,19,C,7,8
M,no,5,no,33,Russian,3.83,2,1,19,C,6,14
M,no,7,no,25,Russian,3.83,1,0,19,C,6,17
F,no,0,no,29,Russian,3.83,3,1,22,C,3,4
F,no,2,no,13,Russian,3.83,1,1,17,C,5,18
F,no,3,no,49,Russian,3.84,4,0,22,C,6,17
M,no,6,no,34,Russian,3.84,5,1,22,C,6,10
M,yes,4,no,28,Russian,3.84,4,1,22,C,4,5
F,no,2,no,44,Russian,3.84,5,1,20,C,3,11
F,no,1,no,14,Russian,3.84,5,1,22,C,2,5
F,no,4,no,1,Russian,3.84,4,1,22,C,1,4
M,no,6,no,22,Russian,3.84,5,1,17,C,5,13
F,no,2,no,11,Russian,3.84,3,1,20,C,4,3
F,no,3,no,2,Russian,3.84,3,1,19,C,0,9
F,no,9,no,3,Russian,3.84,2,0,17,C,2,15
F,no,5,no,28,Russian,3.84,2,1,19,C,4,12
M,yes,2,no,0,Russian,3.84,4,0,21,C,2,10
M,no,5,no,22,Russian,3.84,1,0,20,C,6,7
F,yes,8,no,3,Russian,3.84,2,1,21,C,5,22
M,no,2,no,25,Russian,3.84,5,1,22,C,7,4
F,no,3,yes,1,Russian,3.84,2,1,18,C,2,14
F,no,7,no,37,Russian,3.84,5,0,17,C,4,18
F,no,3,yes,28,Russian,3.84,3,0,19,C,0,23
F,no,3,no,30,Russian,3.84,1,1,18,C,0,16
M,no,1,no,19,Russian,3.84,4,1,21,C,1,4
M,yes,7,no,2,Russian,3.84,4,0,22,C,5,7
F,yes,4,no,26,Russian,3.84,1,1,21,C,5,11
M,no,10,yes,0,Russian,3.84,4,0,19,C,6,18
M,no,4,no,5,Russian,3.84,5,1,18,C,4,18
F,no,0,no,17,Russian,3.84,1,0,21,C,6,2
M,no,2,no,26,Russian,3.85,4,1,21,C,3,2
M,no,2,no,32,Russian,3.85,1,0,22,C,7,8
F,no,6,yes,16,Russian,3.85,5,1,19,C,0,4
F,yes,8,no,2,Russian,3.85,3,0,22,C,7,7
M,no,2,no,35,Russian,3.85,3,1,20,C,0,13
F,no,0,no,17,Russian,3.85,3,1,20,C,6,8
F,no,9,no,3,Russian,3.85,3,1,22,C,6,5
F,yes,3,no,47,Russian,3.85,1,1,17,C,4,16
M,no,0,no,29,Russian,3.85,3,1,19,C,1,3
F,no,10,no,5,Russian,3.85,4,1,17,C,1,11
M,no,3,yes,12,Russian,3.85,1,1,18,C,6,2
M,no,2,no,35,Russian,3.85,1,1,19,C,2,10
F,yes,0,no,3,Russian,3.85,4,0,21,C,6,7
M,yes,8,no,2,Russian,3.86,2,0,20,C,1,5
M,no,10,no,35,Russian,3.86,5,0,19,C,7,4
M,yes,1,no,7,Russian,3.86,1,0,19,C,6,4
F,no,4,no,15,Russian,3.86,4,0,22,C,3,16
F,no,1,no,3,Russian,3.86,1,0,22,C,0,5
M,no,2,no,35,Russian,3.86,2,0,22,C,0,10
M,no,3,yes,28,Russian,3.86,2,0,19,C,4,6
F,no,9,no,4,Russian,3.86,1,1,17,C,5,4
M,no,1,yes,4,Russian,3.86,4,1,20,C,3,14
M,no,3,yes,16,Russian,3.86,5,1,17,C,7,3
M,no,1,no,26,Russian,3.86,1,1,21,C,6,21
M,no,3,no,30,Russian,3.86,5,0,19,C,7,23
F,yes,6,no,2,Russian,3.86,2,0,18,C,5,11
F,no,2,no,34,Russian,3.86,4,0,20,C,7,8
M,no,10,no,0,Russian,3.86,5,0,21,C,3,5
F,no,10,yes,3,Russian,3.86,4,0,21,C,6,11
M,no,2,no,30,Russian,3.86,1,0,22,C,3,20
M,yes,3,yes,15,Russian,3.86,4,0,22,C,7,19
M,no,8,yes,1,Russian,3.87,3,0,21,C,5,9
M,no,3,yes,6,Russian,3.87,2,0,18,C,5,23
F,no,7,yes,1,Russian,3.87,3,0,21,C,4,16
M,yes,9,yes,5,Russian,3.87,5,1,21,C,4,6
M,no,1,no,30,Russian,3.87,3,1,17,C,1,11
M,no,3,yes,8,Russian,3.87,2,1,21,C,4,5
M,yes,9,no,5,Russian,3.87,5,1,22,C,4,9
F,no,1,no,5,Russian,3.87,3,1,18,C,6,11
M,no,4,no,4,Russian,3.87,3,1,19,C,6,18
F,no,1,no,47,Russian,3.87,5,0,19,C,1,10
F,no,3,yes,16,Russian,3.87,5,1,17,C,0,6
M,yes,5,no,3,Russian,3.88,3,1,20,C,4,16
F,no,5,yes,32,Russian,3.88,1,1,21,C,6,5
F,no,2,no,31,Russian,3.88,1,1,17,C,7,2
M,no,3,no,6,Russian,3.88,3,1,22,C,1,17
F,no,3,no,16,Russian,3.88,3,1,17,C,2,20
M,no,6,no,34,Russian,3.88,4,1,20,C,7,16
M,no,3,no,26,Russian,3.88,2,0,18,C,4,5
F,no,6,no,21,Russian,3.88,2,0,17,C,1,21
M,no,3,no,46,Russian,3.88,5,1,20,C,6,19
F,no,6,no,48,Russian,3.88,4,1,18,C,5,11
M,yes,1,no,46,Russian,3.88,2,0,19,C,4,20
F,yes,3,no,28,Russian,3.88,4,0,20,C,2,22
M,yes,4,no,2,Russian,3.88,5,0,21,C,2,2
M,yes,0,no,32,Russian,3.88,1,0,21,C,4,9
M,yes,10,no,5,Russian,3.89,3,0,17,C,0,3
F,no,4,no,31,Russian,3.89,1,0,20,C,1,14
M,no,4,yes,1,Russian,3.89,2,1,18,C,1,15
F,yes,9,yes,4,Russian,3.89,4,1,17,C,0,7
M,no,2,yes,8,Russian,3.89,4,1,22,C,5,19
F,no,3,yes,23,Russian,3.89,2,1,22,C,6,6
F,no,1,no,23,Russian,3.89,5,0,17,C,7,3
M,no,1,no,28,Russian,3.89,5,0,22,C,7,16
F,no,1,no,7,Russian,3.89,4,1,18,C,5,5
F,no,0,no,5,Russian,3.89,2,1,22,C,0,5
F,no,2,no,4,Russian,3.89,2,0,22,C,6,13
F,no,2,no,26,Russian,3.89,2,1,18,C,6,7
F,no,4,yes,33,Russian,3.89,1,0,18,C,6,17
F,no,4,yes,34,Russian,3.89,5,0,19,C,3,18
F,yes,4,no,16,Russian,3.89,3,1,17,C,1,10
M,no,4,no,3,Russian,3.89,1,1,18,C,0,8
M,no,3,no,25,Russian,3.89,3,1,22,C,0,20
F,no,0,no,4,Russian,3.89,2,1,22,C,3,4
M,no,0,no,4,Russian,3.89,1,1,18,C,0,23
F,no,3,no,21,Russian,3.89,3,0,19,C,4,21
F,no,7,no,4,Russian,3.89,3,1,21,C,2,7
F,no,3,no,24,Russian,3.89,1,1,17,C,0,8
M,no,2,no,16,Russian,3.89,5,0,19,C,0,2
M,no,10,no,2,Russian,3.89,1,1,22,C,7,17
M,no,3,no,35,Russian,3.89,1,1,19,C,6,7
M,no,2,no,24,Russian,3.89,2,1,17,C,5,10
M,no,2,yes,46,Russian,3.89,1,1,22,C,0,8
F,no,6,no,1,Russian,3.89,5,1,22,C,1,18
M,no,5,no,26,Russian,3.89,1,1,22,C,2,4
M,no,1,no,5,Russian,3.89,5,0,22,C,5,20
F,yes,5,no,17,Russian,3.89,2,1,17,C,3,5
M,no,3,no,4,Russian,3.89,2,1,19,C,4,6
M,no,6,no,27,Russian,3.89,1,0,22,C,0,17
M,no,3,no,0,Russian,3.89,4,1,18,C,7,15
M,no,6,yes,16,Russian,3.89,1,0,18,C,3,15
M,no,6,yes,14,Russian,3.89,4,1,17,C,4,10
F,yes,2,no,5,Russian,3.89,4,0,18,C,0,7
F,no,3,yes,31,Russian,3.89,4,0,21,C,0,15
F,no,2,yes,4,Russian,3.89,5,0,18,C,7,8
M,no,1,no,5,Russian,3.89,5,1,18,C,6,3
F,no,1,no,11,Russian,3.89,1,0,21,C,4,14
M,no,8,yes,12,Russian,3.89,4,0,20,C,2,23
F,no,0,no,5,Russian,3.89,5,0,18,C,0,17
F,yes,6,no,1,Russian,3.9,5,1,20,C,0,19
M,no,5,no,2,Russian,3.9,4,1,21,C,2,18
F,yes,10,no,1,Russian,3.9,5,1,18,C,4,14
F,no,2,yes,30,Russian,3.9,1,1,20,C,7,23
M,no,6,no,0,Russian,3.9,5,1,22,C,1,7
F,no,2,yes,6,Russian,3.9,3,0,21,C,6,16
M,no,6,yes,24,Russian,3.9,3,0,18,C,6,4
F,no,7,no,26,Russian,3.9,3,0,22,C,5,17
M,no,7,no,0,Russian,3.9,2,1,19,C,2,17
M,no,1,no,18,Russian,3.9,4,1,20,C,1,6
M,no,4,no,20,Russian,3.91,3,1,21,C,0,22
F,no,0,no,23,Russian,3.91,3,1,20,C,4,14
M,yes,4,no,4,Russian,3.91,3,0,18,C,3,10
F,no,4,no,30,Russian,3.91,1,0,17,C,7,21
F,no,4,no,34,Russian,3.91,2,0,19,C,2,3
F,no,1,no,26,Russian,3.91,5,0,21,C,2,9
M,no,5,no,27,Russian,3.91,3,1,20,C,4,8
F,no,1,yes,18,Russian,3.91,2,1,19,C,6,7
F,no,4,no,39,Russian,3.91,4,0,18,C,7,14
F,no,7,yes,29,Russian,3.91,2,0,17,C,7,7
M,no,0,yes,27,Russian,3.91,3,0,19,C,7,18
M,yes,3,yes,17,Russian,3.91,3,1,18,C,4,21
F,yes,5,yes,31,Russian,3.91,5,0,19,C,4,15
F,yes,4,no,13,Russian,3.91,5,0,18,C,0,20
F,no,4,yes,12,Russian,3.91,3,1,19,C,7,3
M,yes,10,no,0,Russian,3.91,4,0,18,C,3,5
M,no,2,yes,21,Russian,3.91,5,0,22,C,3,18
F,yes,3,no,28,Russian,3.91,3,0,17,C,6,4
F,yes,8,no,35,Russian,3.91,2,0,18,C,0,2
M,no,9,yes,24,Russian,3.91,2,1,17,C,4,23
M,no,1,no,28,Russian,3.91,1,1,22,C,1,3
M,no,9,no,0,Russian,3.91,3,1,17,C,7,12
F,yes,6,no,0,Russian,3.91,2,0,17,C,4,7
M,no,2,no,3,Russian,3.91,2,1,20,C,1,21
F,no,3,no,16,Russian,3.91,4,0,18,C,6,2
F,no,2,no,26,Russian,3.91,1,0,21,C,0,21
F,yes,10,yes,4,Russian,3.92,3,0,20,C,2,3
M,no,2,no,24,Russian,3.92,2,0,17,C,1,3
M,no,5,yes,22,Russian,3.92,2,1,21,C,4,10
F,yes,2,no,14,Russian,3.92,3,1,20,C,6,23
M,no,2,no,21,Russian,3.92,4,1,17,C,0,16
M,no,4,no,29,Russian,3.92,1,1,20,C,1,12
F,no,6,no,3,Russian,3.92,4,0,21,C,2,15
M,no,2,no,4,Russian,3.92,4,1,19,C,3,16
M,no,5,no,19,Russian,3.92,5,0,22,C,2,22
M,no,3,no,33,Russian,3.92,1,0,21,C,7,12
F,no,1,no,24,Russian,3.92,4,0,20,C,2,22
M,no,4,no,29,Russian,3.92,2,0,18,C,5,20
M,no,1,yes,27,Russian,3.92,2,0,18,C,5,6
F,no,2,no,20,Russian,3.92,4,0,22,C,4,20
F,no,0,no,35,Russian,3.92,5,0,22,C,4,22
F,no,0,no,29,Russian,3.92,2,0,17,C,3,18
M,no,2,yes,0,Russian,3.92,4,1,17,C,7,12
M,no,3,no,10,Russian,3.92,4,0,17,C,6,8
M,no,1,yes,29,Russian,3.93,2,1,18,C,7,16
M,no,0,yes,17,Russian,3.93,4,1,22,C,0,2
M,yes,10,no,1,Russian,3.93,3,0,21,C,7,4
F,no,1,no,14,Russian,3.93,1,1,17,C,4,9
M,no,1,no,24,Russian,3.93,3,0,21,C,4,21
M,no,2,no,35,Russian,3.93,5,0,22,C,6,22
M,no,3,no,19,Russian,3.93,3,0,17,C,3,23
M,no,6,no,23,Russian,3.93,1,0,18,C,1,15
M,no,9,no,14,Russian,3.93,2,1,21,C,1,10
M,no,2,no,21,Russian,3.93,4,0,21,C,3,12
M,no,6,no,18,Russian,3.93,5,1,22,C,7,18
F,no,2,yes,16,Russian,3.93,1,0,19,C,1,19
F,no,4,no,2,Russian,3.93,5,1,22,C,2,6
M,no,5,yes,16,Russian,3.93,5,0,22,C,6,8
F,no,0,no,29,Russian,3.93,5,0,19,C,6,6
M,no,5,no,35,Russian,3.93,2,1,17,C,2,5
M,no,2,no,11,Russian,3.93,1,0,18,C,4,23
M,no,3,no,4,Russian,3.94,3,0,21,C,7,23
F,no,0,no,15,Russian,3.94,1,0,17,C,0,12
M,yes,10,no,25,Russian,3.94,2,1,17,C,6,10
F,no,1,no,31,Russian,3.94,5,1,21,C,0,23
F,no,7,no,30,Russian,3.94,5,1,19,C,3,5
F,no,3,no,17,Russian,3.94,4,0,22,C,6,3
F,no,10,no,0,Russian,3.94,1,0,17,C,3,22
F,yes,2,no,10,Russian,3.94,1,0,18,C,6,18
F,no,2,no,22,Russian,3.94,2,0,20,C,4,17
M,no,3,no,16,Russian,3.94,3,1,22,C,6,9
F,no,2,no,11,Russian,3.94,4,1,21,C,2,10
F,no,3,no,35,Russian,3.94,1,1,22,C,3,7
M,no,1,no,25,Russian,3.94,5,1,22,C,5,4
F,no,9,no,5,Russian,3.94,2,1,17,C,6,15
M,no,2,yes,35,Russian,3.94,2,0,19,C,3,15
M,no,4,no,15,Russian,3.94,2,1,19,C,6,17
M,no,4,yes,21,Russian,3.94,1,1,22,C,7,2
F,no,2,no,3,Russian,3.94,3,0,20,C,7,12
F,no,1,no,1,Russian,3.94,1,0,22,C,6,7
F,no,1,no,32,Russian,3.94,2,0,17,C,6,4
M,no,6,yes,25,Russian,3.94,2,1,22,C,0,17
F,no,9,no,26,Russian,3.94,5,1,17,C,0,21
F,yes,7,no,34,Russian,3.94,1,1,21,C,6,13
M,no,2,yes,25,Russian,3.94,4,1,19,C,0,15
M,yes,10,no,3,Russian,3.94,5,1,20,C,5,22
M,yes,3,no,12,Russian,3.94,5,0,22,C,1,17
M,no,1,no,25,Russian,3.94,5,0,18,C,3,23
M,no,6,no,50,Russian,3.94,5,1,21,C,4,13
F,no,7,no,15,Russian,3.94,3,1,22,C,7,20
F,no,0,no,34,Russian,3.94,4,1,22,C,5,16
F,no,6,no,27,Russian,3.94,5,1,22,C,7,14
F,no,1,no,5,Russian,3.94,1,1,20,C,1,7
M,no,10,yes,0,Russian,3.94,4,1,22,C,3,11
M,no,5,no,15,Russian,3.94,2,0,20,C,7,23
F,no,2,yes,31,Russian,3.94,5,0,20,C,5,2
F,no,6,no,0,Russian,3.95,5,1,21,C,6,10
M,yes,1,no,5,Russian,3.95,1,1,17,C,0,14
M,no,3,no,35,Russian,3.95,3,0,17,C,2,17
M,no,0,no,27,Russian,3.95,5,1,20,C,2,21
F,yes,7,no,1,Russian,3.95,1,0,17,C,6,6
M,yes,6,no,2,Russian,3.95,5,0,21,C,7,7
F,no,10,no,34,Russian,3.95,3,1,18,C,1,18
M,yes,2,yes,18,Russian,3.95,5,0,17,C,1,12
M,no,1,no,14,Russian,3.95,5,0,19,C,4,18
F,no,1,no,6,Russian,3.95,3,1,18,C,5,14
M,no,5,yes,2,Russian,3.95,2,0,18,C,3,8
M,no,2,no,19,Russian,3.95,4,1,18,C,3,13
F,no,1,no,1,Russian,3.95,5,0,20,C,6,20
F,no,2,no,13,Russian,3.95,3,1,21,C,3,14
F,yes,8,no,3,Russian,3.95,3,1,17,C,2,16
M,no,2,no,21,Russian,3.95,1,0,21,C,2,19
F,yes,2,no,29,Russian,3.95,5,1,18,C,6,15
F,no,0,yes,11,Russian,3.95,5,0,21,C,5,7
M,no,3,no,23,Russian,3.95,1,0,19,C,0,16
M,yes,2,no,30,Russian,3.95,3,1,22,C,3,20
F,no,1,no,13,Russian,3.95,1,0,17,C,7,19
M,no,4,no,19,Russian,3.95,4,0,20,C,1,11
F,no,5,no,33,Russian,3.95,3,1,21,C,4,9
M,no,2,no,21,Russian,3.95,2,1,21,C,6,17
F,no,7,no,31,Russian,3.96,4,1,20,C,1,8
M,no,6,no,3,Russian,3.96,5,1,19,C,0,2
F,yes,7,no,3,Russian,3.96,4,0,21,C,0,8
M,yes,0,no,30,Russian,3.96,1,0,21,C,0,4
F,yes,5,yes,1,Russian,3.96,5,1,18,C,1,7
F,no,0,yes,8,Russian,3.96,5,1,21,C,4,7
M,no,2,no,29,Russian,3.96,4,1,22,C,5,5
F,no,2,no,18,Russian,3.96,1,1,17,C,0,11
F,no,6,yes,4,Russian,3.96,5,1,18,C,0,12
F,no,1,no,10,Russian,3.96,2,0,22,C,2,11
F,no,2,no,32,Russian,3.96,5,0,21,C,3,17
F,no,1,no,32,Russian,3.96,5,1,20,C,6,16
M,no,2,yes,16,Russian,3.96,2,0,21,C,6,19
M,no,6,no,35,Russian,3.96,3,0,21,C,4,10
F,no,8,no,2,Russian,3.96,4,0,19,C,3,17
F,no,3,no,27,Russian,3.96,1,1,21,C,0,5
M,no,3,no,28,Russian,3.96,4,0,20,C,5,14
M,no,2,no,2,Russian,3.96,1,0,22,C,6,5
M,no,3,no,42,Russian,3.96,1,0,19,C,4,4
M,no,7,no,31,Russian,3.96,5,1,22,C,1,17
M,no,3,no,15,Russian,3.96,1,0,19,C,5,17
M,no,7,no,1,Russian,3.96,2,1,17,C,3,7
F,no,5,no,10,Russian,3.96,5,0,20,C,7,20
F,no,5,no,40,Russian,3.96,2,1,18,C,0,8
M,no,8,no,40,Russian,3.96,1,0,19,C,4,16
F,no,0,no,8,Russian,3.96,2,0,17,C,4,16
F,no,2,no,22,Russian,3.96,3,1,20,C,3,7
F,no,3,no,21,Russian,3.96,3,0,20,C,3,18
M,no,7,no,31,Russian,3.97,4,0,19,C,5,18
M,no,1,no,10,Russian,3.97,1,0,20,C,0,11
F,no,3,yes,35,Russian,3.97,3,1,21,C,6,17
M,no,3,no,14,Russian,3.97,4,0,21,C,5,11
M,no,2,no,7,Russian,3.97,3,0,19,C,6,14
M,no,5,no,4,Russian,3.97,2,0,20,C,1,15
F,no,4,yes,14,Russian,3.97,2,0,19,C,7,15
F,no,1,yes,29,Russian,3.97,2,1,18,C,5,13
F,yes,3,no,20,Russian,3.97,1,1,19,C,5,5
F,no,3,yes,24,Russian,3.97,5,1,19,C,6,19
F,no,3,yes,27,Russian,3.97,5,1,20,C,2,2
F,no,3,no,31,Russian,3.97,3,0,21,C,7,13
F,no,4,no,27,Russian,3.97,3,1,17,C,6,22
M,no,2,no,23,Russian,3.97,1,1,22,C,4,15
F,no,10,no,0,Russian,3.97,5,1,18,C,5,7
F,no,2,no,35,Russian,3.97,1,1,22,C,7,4
M,no,1,yes,33,Russian,3.97,2,1,20,C,3,19
M,no,5,yes,11,Russian,3.97,4,0,18,C,4,18
F,no,9,no,10,Russian,3.97,2,1,19,C,4,3
M,yes,6,no,3,Russian,3.97,3,0,22,C,7,12
M,no,3,no,5,Russian,3.97,4,1,20,C,0,13
M,no,5,no,34,Russian,3.97,5,1,17,C,7,16
F,no,7,no,15,Russian,3.97,1,0,19,C,2,5
F,no,1,no,20,Russian,3.98,4,1,18,C,4,19
M,no,1,no,3,Russian,3.98,5,1,17,C,5,19
M,yes,2,yes,2,Russian,3.98,5,1,21,C,5,12
F,no,1,no,27,Russian,3.98,3,1,22,C,1,21
M,yes,0,no,29,Russian,3.98,4,0,17,C,0,8
F,no,1,yes,2,Russian,3.98,2,1,19,C,2,10
F,no,5,no,9,Russian,3.98,5,1,19,C,5,8
M,no,7,no,14,Russian,3.98,3,0,20,C,6,9
M,no,8,no,25,Russian,3.98,4,1,22,C,7,8
M,no,1,yes,9,Russian,3.98,1,0,21,C,5,11
M,yes,9,no,2,Russian,3.98,1,0,17,C,4,2
M,no,5,no,31,Russian,3.98,1,1,20,C,0,15
M,no,5,no,3,Russian,3.98,1,1,22,C,5,3
F,no,5,no,12,Russian,3.98,3,1,21,C,0,21
M,no,5,no,5,Russian,3.98,5,0,19,C,3,12
F,no,10,no,11,Russian,3.98,4,0,19,C,2,21
M,no,2,no,4,Russian,3.99,2,1,21,C,1,9
M,no,2,no,25,Russian,3.99,3,1,18,C,3,17
M,no,1,no,33,Russian,3.99,4,0,22,C,7,9
M,yes,1,no,24,Russian,3.99,5,0,21,C,6,2
F,no,3,no,0,Russian,3.99,2,0,19,C,5,9
M,yes,6,no,0,Russian,3.99,1,0,21,C,1,13
F,no,2,no,3,Russian,3.99,1,1,17,C,4,10
M,no,2,no,26,Russian,3.99,4,0,22,C,6,15
M,no,7,no,31,Russian,3.99,5,0,22,C,5,19
F,no,4,no,20,Russian,3.99,1,1,22,C,6,20
F,no,1,no,9,Russian,3.99,1,0,22,C,1,23
F,no,10,yes,15,Russian,3.99,5,1,21,C,4,15
M,no,10,no,1,Russian,3.99,1,0,19,C,3,17
M,yes,1,yes,4,Russian,3.99,5,1,17,C,0,6
M,no,3,yes,2,Russian,3.99,4,0,17,C,3,14
F,no,5,no,32,Russian,3.99,3,1,22,C,3,20
M,yes,7,no,2,Russian,3.99,3,0,21,C,1,17
F,yes,1,no,2,Russian,3.99,5,0,19,C,5,15
F,no,6,no,19,Russian,3.99,3,1,17,C,7,6
M,no,4,no,12,Russian,3.99,5,0,18,C,1,20
M,no,10,no,5,Russian,3.99,1,1,18,C,6,15
F,no,4,no,22,Russian,3.99,3,1,18,C,5,15
M,yes,7,no,1,Russian,3.99,4,0,19,C,0,6
M,no,0,no,21,Russian,4,2,1,17,C,7,8
F,yes,4,no,5,Russian,4,3,0,19,C,2,17
F,no,3,yes,5,Russian,4,2,1,21,C,0,10
F,no,2,no,8,Russian,4,4,0,17,C,0,8
M,no,4,no,25,Russian,4,5,0,18,C,4,9
M,no,5,no,34,Russian,4,3,1,21,C,6,6
M,no,3,no,0,Russian,4,3,0,19,C,4,17
F,no,0,no,34,Russian,4,1,0,17,C,3,21
M,no,2,no,31,Russian,4,3,0,21,C,0,17
F,yes,7,no,1,Russian,4,5,0,19,C,1,17
F,no,1,yes,28,Russian,4,1,1,22,C,2,16
M,yes,4,no,5,Russian,4,1,1,19,C,5,20
F,no,1,no,26,Russian,4,5,1,21,C,3,11
M,no,1,no,21,Russian,4,3,0,21,C,3,12
M,no,4,no,22,Russian,4,3,1,19,C,3,16
F,no,3,no,30,Russian,4,2,0,22,C,3,5
F,yes,7,no,2,Russian,4,1,0,22,C,5,15
M,no,5,no,24,Russian,4,2,0,22,C,0,23
M,no,10,no,15,Russian,4,1,1,20,C,1,23
M,no,1,no,24,Russian,4,4,1,21,C,3,11
M,no,5,no,3,Russian,4,4,0,17,C,3,5
M,yes,6,yes,4,Russian,4.01,4,0,20,B,2,15
F,no,5,no,42,Russian,4.01,2,0,22,B,0,5
F,no,6,no,24,Russian,4.01,1,0,22,B,7,21
F,no,1,no,0,Russian,4.01,4,1,17,B,1,13
F,no,3,no,4,Russian,4.01,2,0,21,B,1,12
F,no,3,no,25,Russian,4.01,5,0,19,B,0,3
F,yes,1,yes,1,Russian,4.01,5,0,19,B,4,6
M,no,5,no,35,Russian,4.01,3,0,18,B,4,5
M,no,7,no,20,Russian,4.01,5,1,17,B,4,8
F,no,7,no,11,Russian,4.01,2,1,20,B,6,3
M,yes,3,no,21,Russian,4.01,4,1,19,B,0,19
M,yes,9,no,1,Russian,4.01,5,0,18,B,5,7
F,no,3,no,15,Russian,4.01,3,1,20,B,4,19
M,no,1,no,33,Russian,4.01,1,0,19,B,5,2
F,yes,10,no,4,Russian,4.01,5,0,22,B,3,18
M,no,2,yes,24,Russian,4.01,4,1,17,B,0,18
F,no,1,no,13,Russian,4.01,5,0,18,B,3,5
M,yes,6,no,5,Russian,4.01,3,1,20,B,7,10
M,no,1,yes,12,Russian,4.01,5,1,18,B,0,8
M,no,4,yes,8,Russian,4.01,3,0,19,B,0,17
F,no,2,no,8,Russian,4.01,2,0,19,B,0,22
M,no,5,no,8,Russian,4.01,1,0,19,B,2,21
F,yes,4,yes,0,Russian,4.01,5,1,19,B,1,17
F,no,5,no,14,Russian,4.01,5,1,17,B,5,10
F,yes,4,yes,3,Russian,4.01,2,1,22,B,4,4
M,no,2,no,19,Russian,4.01,4,1,17,B,5,23
M,no,4,no,29,Russian,4.01,2,1,19,B,0,10
F,yes,7,yes,0,Russian,4.01,4,0,19,B,4,19
M,no,7,no,5,Russian,4.01,3,1,21,B,2,17
F,no,6,no,4,Russian,4.01,4,1,18,B,2,16
F,no,7,no,1,Russian,4.01,2,0,21,B,1,20
M,no,8,yes,12,Russian,4.01,1,1,21,B,7,18
F,no,3,no,27,Russian,4.01,5,1,18,B,4,21
F,no,4,yes,12,Russian,4.01,5,1,18,B,2,18
M,no,3,no,21,Russian,4.01,4,0,18,B,5,12
F,no,9,no,15,Russian,4.01,4,1,22,B,3,3
F,no,3,no,26,Russian,4.01,1,0,21,B,2,5
F,yes,10,no,3,Russian,4.01,4,1,18,B,4,21
F,no,1,no,31,Russian,4.01,3,0,20,B,1,22
M,no,9,no,31,Russian,4.01,2,1,19,B,5,2
M,no,3,no,3,Russian,4.01,2,1,21,B,5,12
F,no,8,no,16,Russian,4.01,4,1,21,B,5,9
M,no,5,no,29,Russian,4.01,4,0,18,B,3,2
M,no,4,no,31,Russian,4.01,2,1,20,B,5,7
M,no,1,no,46,Russian,4.02,4,1,17,B,7,10
F,no,1,no,24,Russian,4.02,2,1,19,B,2,11
F,no,2,no,2,Russian,4.02,5,0,18,B,7,5
M,yes,10,no,2,Russian,4.02,3,0,17,B,6,3
F,no,3,no,9,Russian,4.02,2,1,18,B,1,21
F,yes,7,no,0,Russian,4.02,4,1,19,B,0,5
M,no,8,no,4,Russian,4.02,2,1,17,B,5,9
F,no,6,no,4,Russian,4.02,2,1,17,B,2,7
M,no,4,no,34,Russian,4.02,5,0,20,B,7,8
M,no,2,no,34,Russian,4.02,3,0,18,B,0,16
M,no,5,no,32,Russian,4.02,1,0,18,B,5,3
F,yes,4,no,23,Russian,4.02,1,0,21,B,4,18
M,no,2,yes,20,Kyrgyz,4.02,3,1,20,B,2,3
F,no,1,no,5,Russian,4.02,1,0,21,B,1,15
F,no,5,yes,15,Russian,4.02,2,0,21,B,7,23
M,no,3,no,21,Russian,4.03,2,0,18,B,3,22
M,no,1,no,30,Russian,4.03,2,0,20,B,3,23
M,no,3,yes,15,Russian,4.03,3,1,20,B,4,14
M,no,6,yes,18,Russian,4.03,5,0,20,B,7,16
F,yes,10,no,4,Russian,4.03,3,0,20,B,6,2
M,no,3,no,24,Russian,4.03,5,1,18,B,2,16
M,no,3,no,15,Russian,4.03,2,1,17,B,0,11
F,no,3,no,2,Russian,4.03,5,1,19,B,5,13
F,no,6,no,14,Russian,4.03,1,0,22,B,0,16
M,no,1,no,5,Russian,4.03,3,0,20,B,1,16
F,no,5,no,0,Russian,4.03,5,1,17,B,6,22
F,no,1,no,10,Russian,4.03,3,1,19,B,5,11
F,yes,5,no,2,Russian,4.03,2,0,21,B,7,18
M,no,3,no,30,Russian,4.03,2,1,20,B,4,15
F,no,7,no,28,Russian,4.03,5,0,22,B,3,18
F,no,0,yes,29,Russian,4.03,3,1,17,B,1,22
F,no,0,no,35,Russian,4.04,3,0,18,B,7,15
F,no,1,no,12,Russian,4.04,4,1,18,B,0,3
M,yes,3,no,32,Russian,4.04,4,0,22,B,2,13
M,no,2,no,27,Russian,4.04,2,0,19,B,7,8
F,no,4,no,25,Russian,4.04,1,0,22,B,3,18
M,no,10,no,11,Russian,4.04,3,0,20,B,4,14
M,no,3,no,2,Russian,4.04,4,0,22,B,6,23
F,no,2,no,24,Russian,4.04,5,0,19,B,0,5
F,no,4,no,16,Russian,4.04,2,1,22,B,0,10
M,no,7,yes,1,Russian,4.04,4,1,21,B,0,23
M,no,0,no,2,Russian,4.04,1,0,19,B,0,6
F,no,1,no,35,Russian,4.04,2,1,20,B,1,18
F,no,0,no,5,Russian,4.04,3,1,22,B,1,8
F,no,4,no,14,Russian,4.04,2,1,17,B,2,13
F,no,2,no,26,Russian,4.04,1,0,21,B,2,9
M,no,3,no,41,Russian,4.04,1,1,18,B,3,5
F,no,2,yes,6,Russian,4.04,4,0,20,B,3,23
M,no,3,no,35,Russian,4.04,5,0,19,B,2,7
M,no,0,yes,30,Russian,4.04,5,0,20,B,3,13
M,no,2,yes,12,Russian,4.04,3,0,19,B,0,8
F,no,2,no,29,Russian,4.04,1,1,20,B,0,13
F,yes,9,yes,4,Russian,4.04,1,1,18,B,3,14
F,yes,2,no,0,Russian,4.04,1,1,22,B,3,12
M,no,3,no,17,Russian,4.04,4,1,19,B,3,19
F,no,1,yes,20,Russian,4.04,3,0,20,B,1,23
F,no,2,no,35,Russian,4.04,2,0,22,B,3,18
M,no,2,no,26,Russian,4.04,5,0,18,B,0,7
F,no,3,yes,24,Russian,4.04,2,0,17,B,1,14
F,yes,6,no,0,Russian,4.04,1,1,17,B,1,2
M,no,7,no,32,Russian,4.04,4,0,20,B,2,21
M,no,4,yes,4,Russian,4.04,2,0,19,B,1,14
M,no,3,no,34,Russian,4.04,5,1,19,B,3,3
F,yes,3,no,29,Russian,4.04,1,1,19,B,1,19
M,no,2,yes,35,Russian,4.04,5,1,19,B,1,9
F,no,5,no,23,Russian,4.04,2,1,21,B,1,17
M,yes,8,no,5,Russian,4.04,2,0,22,B,2,4
F,no,0,no,1,Russian,4.04,2,1,18,B,1,2
M,no,1,no,31,Russian,4.05,5,1,17,B,2,14
F,no,1,yes,14,Russian,4.05,5,1,19,B,0,6
M,no,6,no,3,Russian,4.05,1,1,17,B,1,8
M,yes,2,no,18,Russian,4.05,4,0,20,B,1,23
M,no,1,yes,47,Russian,4.05,2,0,19,B,2,13
F,no,2,no,4,Russian,4.05,3,1,19,B,1,19
M,yes,1,yes,32,Russian,4.05,1,0,17,B,3,10
M,no,3,yes,20,Russian,4.05,3,1,20,B,0,14
F,yes,6,no,3,Russian,4.05,4,1,18,B,2,4
M,yes,5,no,19,Russian,4.05,3,1,21,B,1,14
M,no,1,yes,5,Russian,4.05,3,0,21,B,2,6
M,no,10,yes,0,Russian,4.05,1,0,17,B,3,7
F,no,10,yes,9,Russian,4.05,1,0,20,B,0,15
F,no,10,no,4,Russian,4.05,2,1,20,B,0,13
M,no,3,no,22,Russian,4.05,3,1,22,B,0,12
F,no,9,no,3,Russian,4.05,1,0,18,B,0,19
F,no,3,no,33,Russian,4.05,4,1,18,B,2,21
M,no,0,no,13,Russian,4.05,3,0,21,B,3,2
M,no,0,no,19,Russian,4.05,1,1,22,B,3,15
F,no,2,yes,10,Russian,4.05,1,0,19,B,3,15
F,yes,2,no,29,Russian,4.06,2,0,22,B,2,9
M,no,3,yes,31,Russian,4.06,5,0,20,B,3,13
M,no,3,yes,3,Russian,4.06,3,0,21,B,2,13
F,no,0,yes,29,Russian,4.06,1,1,19,B,0,10
M,yes,3,no,34,Russian,4.06,2,1,17,B,0,17
M,yes,10,no,4,Russian,4.06,1,1,17,B,0,2
M,no,3,no,34,Russian,4.06,4,1,20,B,2,13
M,no,2,no,30,Russian,4.06,1,1,17,B,2,3
F,no,3,no,18,Russian,4.06,1,0,20,B,1,22
M,no,3,no,32,Russian,4.06,1,0,17,B,0,6
M,no,1,no,31,Russian,4.06,5,1,19,B,0,2
M,no,10,no,0,Russian,4.06,1,0,18,B,3,3
M,no,7,no,3,Russian,4.06,5,0,21,B,0,6
F,no,3,yes,5,Russian,4.06,1,1,17,B,0,7
M,no,3,yes,24,Russian,4.06,4,1,19,B,3,15
F,no,4,no,27,Russian,4.06,5,1,20,B,0,8
M,no,1,yes,21,Russian,4.06,5,0,18,B,0,5
F,no,4,no,32,Russian,4.06,1,1,20,B,0,6
F,yes,7,no,5,Russian,4.06,4,0,17,B,0,4
F,no,7,no,7,Russian,4.06,4,1,22,B,2,14
M,yes,8,no,1,Russian,4.06,5,1,18,B,1,8
F,no,3,no,22,Russian,4.06,3,1,22,B,2,7
M,no,5,yes,15,Russian,4.06,2,0,17,B,1,12
M,no,1,no,12,Russian,4.06,4,1,22,B,0,7
M,no,3,yes,21,Russian,4.06,5,0,17,B,2,19
M,yes,5,no,24,Russian,4.06,2,1,19,B,3,5
F,no,7,no,18,Russian,4.06,3,0,19,B,1,16
F,no,6,no,4,Russian,4.06,5,0,19,B,2,6
M,yes,6,no,5,Russian,4.06,3,0,18,B,2,18
F,yes,7,no,32,Russian,4.06,4,1,19,B,3,16
M,no,8,yes,0,Russian,4.06,4,0,20,B,3,9
F,no,2,no,34,Russian,4.06,3,1,22,B,2,18
F,no,5,no,28,Russian,4.06,3,1,20,B,0,8
M,yes,1,yes,30,Russian,4.06,4,1,18,B,2,15
M,no,8,no,31,Russian,4.06,2,0,18,B,3,6
M,no,3,yes,33,Russian,4.06,3,0,19,B,2,13
F,no,2,no,28,Russian,4.06,3,0,18,B,3,12
M,no,2,no,31,Russian,4.07,2,1,22,B,3,7
M,yes,3,no,7,Russian,4.07,4,1,20,B,1,22
F,no,6,no,28,Russian,4.07,5,1,21,B,2,17
F,no,4,yes,44,Russian,4.07,2,1,17,B,0,4
F,yes,0,no,13,Russian,4.07,2,0,20,B,0,7
M,no,2,no,15,Russian,4.07,2,0,18,B,3,6
F,no,3,no,16,Russian,4.07,3,1,17,B,3,12
F,no,1,no,18,Russian,4.07,1,1,19,B,1,22
F,no,1,no,28,Russian,4.07,3,1,17,B,1,5
F,no,5,no,29,Russian,4.07,4,0,19,B,1,8
F,no,8,no,30,Russian,4.07,2,0,20,B,2,7
F,no,1,yes,32,Russian,4.07,3,0,22,B,0,20
F,no,0,no,19,Russian,4.07,3,0,19,B,0,12
F,no,2,no,18,Russian,4.07,1,1,17,B,0,8
F,no,5,no,23,Russian,4.07,5,0,20,B,2,19
M,no,7,no,16,Russian,4.07,2,1,22,B,2,9
F,yes,8,no,1,Russian,4.07,4,0,18,B,3,6
M,yes,1,no,35,Russian,4.07,2,0,17,B,0,3
M,no,3,no,32,Russian,4.08,4,1,21,B,1,16
M,no,0,no,31,Russian,4.08,2,1,21,B,1,4
M,no,10,no,0,Russian,4.08,4,1,19,B,1,4
M,no,3,no,24,Russian,4.08,1,0,21,B,0,8
F,no,4,no,13,Russian,4.08,3,0,18,B,0,12
M,no,1,no,4,Russian,4.08,5,0,21,B,2,23
F,no,1,no,1,Russian,4.08,4,0,17,B,0,18
F,no,5,no,27,Russian,4.08,1,1,22,B,0,9
F,yes,7,no,4,Russian,4.08,4,0,22,B,1,18
M,no,7,no,8,Russian,4.08,2,0,20,B,0,6
M,no,1,yes,35,Russian,4.08,1,1,17,B,1,20
M,no,2,yes,7,Russian,4.08,5,1,18,B,3,4
F,no,9,no,4,Russian,4.08,4,0,21,B,3,5
M,no,2,no,25,Russian,4.08,3,0,22,B,1,4
M,no,2,no,28,Russian,4.08,5,1,19,B,3,11
M,no,4,no,19,Russian,4.08,2,0,22,B,0,17
M,no,2,no,16,Russian,4.08,2,1,17,B,2,23
F,no,3,no,6,Russian,4.08,5,1,17,B,2,11
F,yes,5,no,4,Russian,4.09,2,1,19,B,1,13
M,no,9,no,34,Russian,4.09,1,0,21,B,0,16
M,yes,3,no,31,Russian,4.09,4,1,21,B,0,12
M,no,2,no,27,Russian,4.09,5,0,20,B,3,13
F,no,4,no,22,Russian,4.09,3,0,21,B,3,15
F,no,3,yes,25,Russian,4.09,4,0,20,B,0,16
F,no,3,no,19,Russian,4.09,5,0,21,B,2,12
M,no,1,no,28,Russian,4.09,3,0,19,B,0,22
M,yes,3,yes,34,Russian,4.09,2,1,19,B,0,15
M,no,10,no,5,Russian,4.09,3,0,21,B,3,12
M,yes,1,no,34,Russian,4.09,4,1,18,B,2,10
M,no,7,no,34,Russian,4.09,3,1,19,B,1,23
F,no,0,no,19,Russian,4.09,5,1,17,B,1,21
M,no,0,no,13,Russian,4.09,1,1,20,B,3,18
M,no,3,no,18,Russian,4.09,1,1,18,B,3,20
F,no,5,no,1,Russian,4.09,3,1,17,B,1,19
M,no,1,no,29,Russian,4.09,4,0,22,B,0,10
M,no,5,no,34,Russian,4.09,1,1,17,B,3,20
F,no,1,no,31,Russian,4.09,2,0,17,B,2,14
M,no,2,no,14,Russian,4.09,2,1,18,B,1,10
F,no,6,yes,32,Russian,4.09,1,1,22,B,3,5
M,no,10,no,5,Russian,4.09,5,0,18,B,2,13
F,no,5,no,33,Russian,4.09,1,1,19,B,1,10
M,no,1,no,32,Russian,4.09,1,1,22,B,3,6
F,no,0,no,11,Russian,4.09,1,1,22,B,3,17
M,no,0,no,12,Russian,4.09,4,0,22,B,2,7
M,no,2,no,24,Russian,4.09,1,0,20,B,2,14
M,no,2,yes,29,Russian,4.09,2,1,19,B,2,7
F,no,0,no,33,Russian,4.09,4,0,18,B,0,3
M,no,0,no,13,Russian,4.09,5,0,20,B,3,3
F,no,3,no,10,Russian,4.09,1,0,22,B,0,14
F,no,3,no,38,Russian,4.09,1,0,18,B,1,18
M,no,2,no,5,Russian,4.09,2,1,18,B,3,3
F,no,3,yes,35,Russian,4.1,5,1,19,B,1,12
F,yes,10,no,1,Russian,4.1,3,0,19,B,3,6
M,no,2,no,21,Russian,4.1,5,0,19,B,3,21
F,no,6,no,5,Russian,4.1,4,0,19,B,0,5
F,yes,1,yes,15,Russian,4.1,2,1,18,B,0,14
F,no,3,no,28,Russian,4.1,2,0,21,B,1,15
F,no,1,no,5,Russian,4.1,5,0,22,B,3,14
M,no,2,no,35,Russian,4.1,5,0,22,B,0,16
F,no,8,yes,28,Russian,4.1,2,0,17,B,3,22
M,no,2,no,16,Russian,4.1,1,0,18,B,3,18
M,no,2,no,29,Russian,4.1,3,0,17,B,0,18
M,no,10,no,3,Russian,4.1,4,0,22,B,2,14
M,no,6,no,35,Russian,4.1,1,0,20,B,0,12
F,no,2,no,29,Russian,4.1,5,1,20,B,3,21
F,no,3,yes,14,Russian,4.1,4,0,19,B,0,12
M,no,2,no,11,Russian,4.1,3,1,17,B,1,15
M,no,2,yes,1,Russian,4.1,5,0,20,B,0,22
F,no,4,no,14,Russian,4.11,1,0,17,B,1,23
F,no,4,yes,11,Russian,4.11,5,0,20,B,2,17
F,no,3,no,28,Russian,4.11,5,1,21,B,3,14
M,no,6,no,18,Russian,4.11,4,1,22,B,3,23
F,no,1,no,31,Russian,4.11,4,1,22,B,0,21
F,yes,6,no,2,Russian,4.11,4,1,17,B,1,20
F,no,0,no,32,Russian,4.11,5,0,22,B,0,3
F,no,3,no,3,Russian,4.11,2,1,21,B,3,14
F,yes,1,no,33,Russian,4.11,2,0,19,B,1,4
F,no,3,no,4,Russian,4.11,2,1,18,B,2,19
F,yes,4,no,0,Russian,4.11,5,0,21,B,1,3
F,no,2,no,10,Russian,4.11,1,1,20,B,0,3
F,no,8,no,11,Russian,4.11,1,1,18,B,1,16
M,no,3,no,5,Russian,4.11,3,0,19,B,3,17
M,no,4,no,33,Russian,4.11,2,1,17,B,1,2
F,no,2,yes,29,Russian,4.11,2,1,19,B,3,13
M,no,3,no,26,Russian,4.11,2,1,19,B,0,19
M,no,1,no,25,Russian,4.11,2,1,21,B,3,14
M,no,2,yes,30,Russian,4.11,1,1,17,B,0,15
M,no,2,no,13,Russian,4.11,2,1,21,B,3,15
F,no,1,no,25,Russian,4.11,1,1,21,B,3,18
F,no,0,no,15,Russian,4.11,2,1,18,B,3,9
M,no,6,no,10,Russian,4.11,5,1,19,B,2,6
F,yes,3,yes,0,Russian,4.11,2,0,22,B,1,19
M,yes,1,no,17,Russian,4.11,5,0,19,B,3,20
F,yes,5,no,4,Russian,4.11,1,0,17,B,3,20
M,no,3,no,32,Russian,4.11,3,1,18,B,1,2
F,no,5,no,34,Russian,4.11,3,0,22,B,1,14
F,no,7,no,8,Russian,4.11,3,0,22,B,1,20
F,no,1,yes,3,Russian,4.11,1,1,18,B,2,7
M,no,1,yes,3,Russian,4.11,3,0,22,B,3,18
F,yes,9,no,4,Russian,4.12,1,1,20,B,2,3
F,no,1,no,2,Russian,4.12,5,1,18,B,2,2
M,no,0,no,0,Russian,4.12,4,0,19,B,2,12
M,no,5,yes,3,Russian,4.12,1,1,21,B,0,19
F,no,4,no,4,Russian,4.12,2,1,17,B,2,3
M,no,3,no,21,Russian,4.12,2,1,19,B,3,19
M,no,3,no,4,Russian,4.12,4,0,19,B,0,17
M,no,5,yes,1,Russian,4.12,2,0,19,B,2,16
F,no,7,no,49,Russian,4.12,3,1,18,B,0,15
F,no,3,no,12,Russian,4.12,3,1,19,B,1,8
F,no,6,no,9,Russian,4.12,5,0,17,B,0,8
M,yes,1,no,20,Russian,4.12,5,0,22,B,0,9
M,no,7,yes,16,Russian,4.12,2,1,17,B,2,3
M,no,1,no,13,Russian,4.12,5,0,21,B,2,12
M,no,0,no,30,Russian,4.12,5,0,17,B,0,17
M,no,3,no,7,Russian,4.12,5,0,18,B,3,14
F,no,3,no,38,Russian,4.12,1,1,21,B,2,23
F,no,4,no,7,Russian,4.12,4,1,19,B,2,16
M,no,1,no,8,Russian,4.12,4,1,17,B,2,2
M,no,0,no,8,Russian,4.13,4,1,18,B,1,8
M,no,9,yes,11,Russian,4.13,5,1,21,B,3,23
F,no,3,yes,30,Russian,4.13,3,1,22,B,3,10
F,no,3,yes,11,Russian,4.13,1,1,19,B,2,2
M,no,2,no,35,Russian,4.13,5,0,19,B,2,4
F,no,7,no,4,Russian,4.13,4,0,22,B,0,22
F,no,9,yes,6,Russian,4.13,3,1,20,B,1,15
M,no,1,no,33,Russian,4.13,3,0,21,B,0,2
F,no,1,no,1,Russian,4.13,1,1,18,B,3,22
M,no,3,no,11,Russian,4.13,2,1,17,B,0,5
F,no,7,no,21,Russian,4.13,4,1,21,B,2,12
M,no,3,no,24,Russian,4.13,3,1,17,B,3,12
M,no,7,no,4,Russian,4.13,4,0,18,B,0,5
M,no,1,no,1,Kyrgyz,4.13,3,0,21,B,0,6
M,no,1,yes,12,Russian,4.13,2,1,19,B,1,12
M,no,7,no,28,Russian,4.13,5,0,18,B,3,13
M,no,2,no,20,Russian,4.13,2,1,20,B,1,21
F,no,3,no,35,Russian,4.13,3,1,17,B,3,17
F,no,0,no,33,Russian,4.13,1,0,19,B,2,9
F,no,6,no,4,Russian,4.13,2,1,19,B,2,18
M,yes,4,no,1,Russian,4.13,3,0,20,B,1,2
F,no,5,no,7,Russian,4.13,4,0,20,B,0,4
M,no,3,no,27,Russian,4.13,2,0,17,B,2,10
F,no,2,no,34,Russian,4.13,1,0,18,B,2,19
F,yes,2,no,17,Russian,4.14,4,1,17,B,3,19
M,no,1,no,18,Russian,4.14,1,1,20,B,2,6
F,no,2,yes,9,Russian,4.14,3,1,22,B,3,12
F,no,2,no,3,Russian,4.14,2,1,18,B,2,3
F,no,5,no,28,Russian,4.14,2,0,17,B,1,19
F,no,5,no,28,Russian,4.14,3,1,21,B,2,20
F,no,2,no,26,Russian,4.14,5,0,22,B,1,9
F,yes,10,yes,4,Russian,4.14,1,0,21,B,2,10
F,no,3,no,15,Russian,4.14,5,1,17,B,1,19
F,no,3,no,33,Russian,4.14,3,1,18,B,2,19
F,no,3,yes,31,Russian,4.14,4,1,21,B,2,5
M,no,5,yes,7,Russian,4.14,3,0,20,B,3,5
F,no,1,no,26,Russian,4.14,1,1,21,B,3,20
F,no,9,no,3,Russian,4.14,3,1,22,B,3,20
M,no,5,no,31,Russian,4.14,1,1,18,B,3,3
M,no,4,no,1,Russian,4.14,2,0,17,B,3,22
M,no,4,yes,30,Russian,4.14,2,0,17,B,3,6
M,no,2,yes,28,Russian,4.14,3,0,20,B,0,23
F,yes,3,no,24,Russian,4.14,4,1,22,B,1,21
F,no,1,yes,28,Russian,4.14,4,1,18,B,2,18
M,no,6,no,6,Russian,4.14,4,1,18,B,3,6
F,yes,9,yes,5,Russian,4.14,4,1,17,B,1,17
F,no,2,no,12,Russian,4.14,5,1,21,B,3,21
M,no,7,no,3,Russian,4.14,1,1,20,B,0,16
F,no,4,no,26,Russian,4.14,5,0,17,B,2,20
F,no,4,no,18,Russian,4.14,1,0,20,B,2,9
F,no,5,no,31,Russian,4.14,1,1,21,B,0,6
F,no,1,no,17,Russian,4.14,1,1,22,B,0,19
F,no,2,yes,23,Russian,4.14,2,0,20,B,0,11
M,no,0,no,17,Russian,4.14,4,1,18,B,2,17
M,no,4,no,29,Russian,4.14,4,1,20,B,0,11
F,no,0,no,13,Russian,4.14,4,1,19,B,3,20
F,yes,10,yes,2,Russian,4.14,3,1,19,B,1,19
F,no,3,no,35,Russian,4.14,3,0,21,B,2,16
F,no,5,no,35,Russian,4.14,3,0,21,B,2,9
M,no,3,no,28,Russian,4.15,4,1,21,B,0,18
M,yes,6,yes,2,Russian,4.15,3,0,20,B,1,6
M,no,6,yes,28,Russian,4.15,4,1,20,B,0,19
M,no,3,yes,26,Russian,4.15,5,0,22,B,2,20
M,no,7,no,26,Russian,4.15,4,1,19,B,1,23
F,no,1,no,22,Russian,4.15,2,1,21,B,1,3
M,yes,1,no,26,Russian,4.15,3,1,19,B,1,6
F,no,1,no,16,Russian,4.15,4,1,17,B,2,12
F,no,10,no,2,Russian,4.15,3,1,21,B,1,3
M,no,4,yes,10,Russian,4.15,1,0,22,B,0,17
F,no,3,yes,21,Russian,4.15,5,0,18,B,2,17
M,yes,1,no,30,Russian,4.15,1,1,18,B,0,17
F,no,6,no,24,Russian,4.16,5,1,21,B,1,5
M,yes,1,no,33,Russian,4.16,1,0,17,B,2,17
F,no,5,no,3,Russian,4.16,2,1,17,B,0,6
F,no,2,no,34,Russian,4.16,3,1,20,B,2,16
F,no,6,yes,2,Russian,4.16,3,0,19,B,1,16
F,no,2,no,17,Russian,4.16,1,0,17,B,1,6
M,no,1,no,18,Russian,4.16,1,1,21,B,1,23
M,no,2,no,16,Russian,4.16,2,1,18,B,3,3
M,no,3,yes,21,Russian,4.16,4,1,18,B,1,23
M,no,1,no,24,Russian,4.16,3,0,18,B,0,8
F,no,3,yes,27,Russian,4.16,4,0,20,B,1,18
F,yes,4,yes,24,Russian,4.16,2,1,18,B,1,3
M,no,5,no,27,Russian,4.16,3,1,18,B,1,2
M,no,3,no,14,Russian,4.16,1,0,18,B,1,16
M,no,8,no,30,Russian,4.16,3,0,19,B,0,10
F,no,1,no,24,Kyrgyz,4.16,1,0,19,B,0,22
F,no,4,no,0,Russian,4.16,3,1,22,B,0,18
M,no,3,no,35,Russian,4.16,1,0,18,B,0,7
F,no,2,no,21,Russian,4.16,5,1,21,B,1,11
M,yes,1,no,15,Russian,4.16,4,1,17,B,3,5
F,no,1,no,5,Russian,4.16,1,0,22,B,3,16
M,yes,10,no,3,Russian,4.16,1,0,17,B,2,20
F,no,4,no,8,Russian,4.16,4,0,20,B,1,13
F,no,0,no,1,Russian,4.16,5,0,21,B,0,12
F,yes,9,yes,5,Russian,4.16,4,0,17,B,2,8
F,yes,1,yes,26,Russian,4.16,4,1,20,B,0,10
F,no,2,no,24,Russian,4.16,1,0,22,B,2,21
F,no,5,no,24,Russian,4.16,5,0,18,B,0,17
M,yes,0,yes,9,Russian,4.16,2,0,22,B,2,14
M,no,2,no,3,Russian,4.16,2,1,20,B,1,16
M,no,2,no,1,Russian,4.16,5,0,17,B,2,2
F,no,2,no,15,Russian,4.16,1,0,20,B,2,20
F,no,5,no,32,Russian,4.16,1,1,19,B,2,9
F,no,3,no,26,Russian,4.16,5,0,21,B,0,20
M,no,5,yes,32,Russian,4.16,1,0,21,B,0,10
M,no,0,no,35,Russian,4.16,3,1,18,B,2,13
M,no,3,no,2,Russian,4.16,3,1,22,B,0,21
M,no,1,no,13,Russian,4.16,3,0,20,B,1,21
F,yes,2,yes,20,Russian,4.17,2,0,20,B,1,11
F,no,5,no,5,Russian,4.17,3,1,20,B,1,11
M,no,1,no,5,Russian,4.17,4,0,19,B,3,22
F,no,2,no,34,Russian,4.17,4,1,20,B,1,6
F,no,6,no,34,Russian,4.17,2,0,18,B,1,13
M,no,2,no,21,Russian,4.17,1,1,22,B,3,10
F,no,4,no,27,Russian,4.17,3,0,17,B,2,15
M,no,0,no,31,Russian,4.17,2,0,18,B,2,19
M,no,4,no,31,Russian,4.17,4,1,22,B,2,7
F,yes,3,no,12,Russian,4.17,3,1,19,B,1,7
M,no,2,no,13,Russian,4.17,4,0,18,B,2,19
M,no,3,no,28,Russian,4.17,1,1,19,B,1,19
M,no,5,no,27,Russian,4.17,1,0,22,B,1,9
F,yes,3,no,4,Russian,4.17,1,1,19,B,3,11
M,no,2,no,33,Russian,4.17,1,0,21,B,2,7
F,no,4,no,18,Russian,4.17,4,1,21,B,1,11
F,no,0,no,29,Russian,4.17,5,1,17,B,0,11
F,no,1,no,13,Russian,4.18,5,0,21,B,3,14
M,no,4,no,5,Russian,4.18,5,0,19,B,3,17
F,no,6,no,15,Russian,4.18,4,0,17,B,1,3
M,no,2,no,2,Russian,4.18,5,0,17,B,1,5
F,no,3,no,27,Russian,4.18,2,0,21,B,1,14
M,no,1,no,22,Russian,4.18,3,0,19,B,1,9
F,no,5,yes,24,Russian,4.18,1,1,19,B,2,17
F,no,6,no,27,Russian,4.18,4,1,20,B,1,21
F,no,2,no,25,Russian,4.18,2,1,20,B,1,8
M,no,3,no,17,Russian,4.18,5,1,19,B,1,13
M,no,1,no,14,Russian,4.18,4,0,17,B,0,10
F,no,5,no,14,Russian,4.18,4,1,22,B,2,14
M,no,1,no,3,Russian,4.18,2,0,22,B,1,2
F,no,7,no,5,Russian,4.18,2,1,22,B,3,6
F,no,10,yes,2,Russian,4.18,1,1,19,B,2,17
M,no,3,no,4,Russian,4.18,2,1,21,B,3,14
F,no,10,no,33,Russian,4.18,2,0,22,B,2,20
M,no,2,no,31,Russian,4.18,2,1,17,B,3,2
M,no,1,no,16,Russian,4.18,4,1,22,B,0,3
M,no,5,no,15,Russian,4.18,4,0,17,B,3,2
F,no,7,yes,5,Russian,4.19,5,1,18,B,2,3
M,yes,10,no,3,Russian,4.19,5,1,18,B,3,20
F,no,8,no,4,Russian,4.19,3,1,17,B,1,11
F,no,1,yes,29,Russian,4.19,2,0,17,B,3,20
M,no,7,yes,18,Russian,4.19,1,1,17,B,0,22
F,no,2,no,16,Russian,4.19,1,1,22,B,2,21
M,no,0,no,23,Russian,4.19,2,0,17,B,1,10
F,yes,3,no,28,Russian,4.19,4,0,18,B,1,11
F,no,7,no,31,Russian,4.19,3,1,19,B,3,12
F,no,9,no,5,Russian,4.19,4,0,22,B,3,6
M,no,2,no,6,Russian,4.19,5,1,18,B,1,13
M,no,1,no,33,Russian,4.19,4,1,21,B,2,21
F,no,7,no,0,Russian,4.19,4,0,20,B,2,8
F,no,6,yes,19,Russian,4.19,2,1,17,B,0,23
F,no,2,no,26,Russian,4.19,5,0,20,B,2,9
F,no,1,no,3,Russian,4.19,2,0,18,B,3,14
M,no,2,no,10,Russian,4.19,2,0,18,B,0,13
F,no,5,no,24,Russian,4.19,3,0,21,B,0,23
F,no,5,no,1,Russian,4.19,1,0,20,B,3,18
F,no,1,no,25,Russian,4.19,1,1,19,B,2,7
F,no,10,no,15,Russian,4.19,1,1,21,B,3,7
M,yes,10,no,3,Russian,4.19,5,1,21,B,0,14
F,no,3,yes,14,Russian,4.19,5,0,22,B,2,19
M,no,9,no,31,Russian,4.19,2,1,19,B,1,3
F,no,2,yes,9,Russian,4.19,4,0,17,B,3,12
F,no,1,no,8,Russian,4.19,3,0,22,B,0,5
M,no,2,no,22,Russian,4.19,3,0,21,B,1,8
F,no,3,no,11,Russian,4.19,2,1,22,B,1,14
F,yes,10,no,2,Russian,4.19,5,0,21,B,1,21
F,no,2,no,21,Russian,4.19,2,0,18,B,0,18
F,no,1,no,28,Russian,4.19,2,0,19,B,1,17
F,yes,9,no,4,Russian,4.19,5,1,21,B,3,4
M,no,4,no,35,Russian,4.19,4,0,21,B,2,9
M,no,6,no,27,Russian,4.19,4,1,19,B,0,17
M,no,0,yes,14,Russian,4.19,4,0,20,B,0,21
F,no,10,no,1,Russian,4.19,5,1,20,B,0,16
M,no,4,no,29,Russian,4.19,1,1,18,B,2,9
F,no,1,no,33,Russian,4.19,1,1,19,B,3,10
M,no,1,no,18,Russian,4.19,2,1,19,B,3,16
M,no,2,no,11,Russian,4.19,2,0,21,B,1,16
F,yes,5,no,3,Russian,4.19,2,0,17,B,0,13
M,no,2,no,19,Russian,4.19,3,0,22,B,2,5
M,no,1,no,31,Russian,4.2,1,1,20,B,0,17
M,no,5,yes,28,Russian,4.2,4,1,18,B,3,3
M,no,10,no,11,Russian,4.2,5,1,21,B,0,15
M,no,1,no,16,Russian,4.2,5,1,22,B,1,15
M,no,3,no,4,Russian,4.2,2,0,21,B,3,8
F,no,1,no,15,Russian,4.2,3,0,19,B,3,5
M,no,4,no,31,Russian,4.2,5,1,17,B,1,13
M,no,4,no,29,Russian,4.2,4,0,19,B,1,14
M,no,5,no,27,Russian,4.2,5,0,20,B,3,17
M,no,1,no,29,Russian,4.2,5,1,22,B,3,3
F,no,2,no,23,Kyrgyz,4.2,5,1,19,B,0,10
F,no,2,no,32,Russian,4.2,1,0,17,B,2,23
F,no,5,no,9,Russian,4.2,1,0,20,B,0,15
F,no,3,no,16,Russian,4.2,1,1,18,B,2,15
M,no,2,no,29,Russian,4.2,2,0,19,B,2,21
F,no,3,yes,5,Russian,4.2,1,1,18,B,3,11
M,no,3,no,14,Russian,4.2,1,0,20,B,1,2
M,no,2,no,20,Russian,4.2,4,1,17,B,1,7
F,no,2,no,28,Russian,4.2,3,1,17,B,0,12
F,yes,2,no,13,Russian,4.2,2,0,19,B,1,20
M,yes,9,yes,3,Russian,4.2,3,0,21,B,0,21
F,no,5,no,26,Russian,4.2,3,0,19,B,1,12
M,yes,3,no,8,Russian,4.2,2,0,22,B,1,4
F,no,3,no,4,Russian,4.21,4,1,20,B,2,22
M,no,4,yes,20,Russian,4.21,2,1,17,B,1,21
M,no,3,no,34,Russian,4.21,2,1,19,B,1,10
M,no,2,no,42,Russian,4.21,1,1,22,B,2,13
M,no,6,no,4,Russian,4.21,4,1,22,B,3,5
F,no,6,yes,14,Russian,4.21,4,0,22,B,1,22
M,no,1,no,29,Russian,4.21,2,0,17,B,1,17
F,no,3,no,34,Russian,4.21,3,1,20,B,3,15
M,no,3,no,1,Russian,4.21,3,0,18,B,3,7
M,no,5,no,27,Russian,4.21,1,0,17,B,3,18
F,no,4,no,30,Russian,4.21,3,0,19,B,3,4
M,no,10,no,33,Russian,4.21,4,0,20,B,1,14
F,no,1,no,15,Russian,4.21,5,0,17,B,2,23
F,no,2,no,5,Russian,4.21,4,0,22,B,0,14
M,no,3,no,29,Russian,4.21,5,0,19,B,3,3
F,yes,1,no,28,Russian,4.21,1,0,18,B,0,21
F,yes,9,no,1,Russian,4.21,3,1,19,B,3,12
F,no,2,no,22,Russian,4.21,1,1,21,B,0,13
M,no,6,no,21,Russian,4.21,3,0,17,B,0,18
M,no,2,no,34,Russian,4.21,1,0,17,B,1,18
M,no,3,no,33,Russian,4.21,5,1,18,B,1,17
F,no,10,yes,3,Russian,4.21,5,0,20,B,0,15
F,yes,1,no,0,Russian,4.21,1,0,17,B,1,8
M,no,9,no,3,Russian,4.21,3,0,18,B,0,3
F,no,0,no,20,Russian,4.22,4,0,19,B,3,3
M,no,1,no,18,Russian,4.22,4,1,19,B,1,5
F,no,1,no,35,Russian,4.22,2,1,19,B,3,19
F,no,2,no,3,Russian,4.22,4,1,21,B,2,20
F,no,1,no,27,Russian,4.22,3,0,17,B,1,19
M,no,4,no,32,Russian,4.22,3,0,17,B,1,21
M,no,1,no,30,Russian,4.22,2,1,18,B,1,5
M,no,7,no,3,Russian,4.22,2,1,21,B,1,8
F,no,2,yes,19,Russian,4.22,4,1,21,B,3,5
F,no,2,no,9,Russian,4.22,3,1,22,B,0,12
M,no,3,no,26,Russian,4.22,1,0,22,B,2,8
F,no,1,no,28,Russian,4.22,2,0,22,B,0,16
F,yes,1,no,35,Russian,4.22,2,1,22,B,1,10
M,no,4,no,32,Russian,4.22,2,0,18,B,0,12
F,yes,2,no,35,Kyrgyz,4.23,2,0,17,B,0,4
F,no,3,no,26,Russian,4.23,4,0,22,B,2,15
M,no,3,no,14,Russian,4.23,4,0,22,B,0,4
F,no,4,no,26,Russian,4.23,3,1,19,B,2,7
F,no,5,yes,3,Russian,4.23,1,1,21,B,1,14
M,no,1,no,33,Russian,4.23,2,0,18,B,2,4
M,no,1,no,35,Russian,4.23,1,0,20,B,0,14
F,no,1,no,22,Russian,4.23,2,1,21,B,2,7
F,no,2,no,23,Russian,4.23,3,1,18,B,1,2
M,no,2,yes,27,Russian,4.23,2,0,21,B,2,7
M,no,6,no,31,Russian,4.23,4,0,20,B,2,10
F,no,1,no,26,Russian,4.23,5,0,21,B,2,5
F,no,4,no,1,Russian,4.23,5,0,21,B,1,7
F,no,2,no,7,Russian,4.23,1,0,22,B,3,19
F,no,1,yes,4,Russian,4.24,3,1,20,B,1,20
M,no,0,no,31,Russian,4.24,4,0,21,B,2,18
M,no,7,yes,23,Russian,4.24,2,1,20,B,1,23
F,no,4,no,5,Russian,4.24,4,1,20,B,2,20
M,no,10,no,1,Russian,4.24,2,0,20,B,1,2
M,no,3,no,4,Russian,4.24,4,0,22,B,2,4
M,no,0,yes,23,Russian,4.24,2,0,22,B,1,8
M,no,3,no,15,Russian,4.24,5,0,21,B,0,3
M,no,2,no,24,Russian,4.24,1,1,22,B,0,22
M,no,2,no,31,Russian,4.24,2,0,17,B,3,8
M,no,4,no,29,Russian,4.24,5,1,19,B,1,12
F,no,3,no,49,Russian,4.24,2,0,22,B,2,8
M,no,4,no,6,Russian,4.24,1,1,17,B,0,5
M,no,7,yes,33,Russian,4.24,2,1,18,B,3,23
F,yes,5,yes,10,Russian,4.24,3,1,21,B,1,2
F,no,1,no,13,Russian,4.24,3,1,19,B,0,4
F,no,6,yes,25,Russian,4.24,1,1,19,B,0,15
F,no,2,no,35,Russian,4.24,3,0,17,B,0,22
M,yes,8,yes,1,Russian,4.24,4,1,22,B,3,8
M,no,1,no,29,Russian,4.24,2,0,21,B,3,2
M,no,3,no,20,Russian,4.24,3,0,21,B,3,7
M,yes,3,no,49,Russian,4.24,5,0,22,B,3,6
F,no,4,no,13,Russian,4.24,4,0,18,B,0,9
F,no,2,no,20,Russian,4.24,5,1,22,B,0,2
F,no,2,yes,18,Russian,4.24,1,1,17,B,2,4
M,no,1,no,23,Russian,4.24,5,0,19,B,1,11
F,no,0,no,10,Russian,4.24,2,0,18,B,0,4
F,no,4,yes,4,Russian,4.25,1,1,22,B,0,15
M,no,1,no,11,Russian,4.25,5,0,22,B,2,20
F,no,3,no,15,Russian,4.25,1,1,22,B,0,9
F,no,1,yes,16,Russian,4.25,5,0,17,B,1,12
M,no,10,yes,5,Russian,4.25,5,0,19,B,2,8
F,no,1,yes,26,Russian,4.25,2,1,20,B,3,4
M,no,2,no,29,Russian,4.25,3,1,17,B,1,2
F,no,10,no,3,Russian,4.25,3,0,19,B,1,21
M,no,4,yes,32,Russian,4.25,2,1,17,B,3,15
F,no,5,no,24,Russian,4.25,1,1,21,B,0,20
F,no,3,yes,20,Russian,4.25,4,1,17,B,1,11
F,yes,5,yes,1,Russian,4.25,1,1,20,B,3,9
M,no,9,no,0,Russian,4.25,5,1,22,B,2,22
M,no,8,yes,5,Russian,4.25,5,0,20,B,0,8
F,no,2,no,5,Russian,4.26,1,0,20,B,0,4
M,no,6,no,1,Russian,4.26,1,1,19,B,0,21
F,no,1,yes,27,Russian,4.26,1,0,20,B,3,20
M,yes,1,no,29,Russian,4.26,1,0,17,B,0,8
F,yes,9,no,4,Russian,4.26,3,1,19,B,1,3
F,yes,8,yes,4,Russian,4.26,2,1,18,B,2,13
M,no,3,no,21,Russian,4.26,2,1,20,B,0,10
F,no,3,no,31,Russian,4.26,4,0,21,B,2,23
F,no,3,no,15,Russian,4.26,5,1,18,B,2,12
M,no,0,no,30,Russian,4.26,2,0,20,B,3,9
M,no,1,no,31,Russian,4.26,3,0,19,B,2,4
M,no,7,no,23,Russian,4.26,3,0,18,B,0,13
M,no,1,no,23,Russian,4.26,4,0,21,B,0,16
F,yes,0,no,27,Russian,4.26,4,0,19,B,2,14
F,no,3,yes,5,Russian,4.26,1,1,22,B,3,7
F,yes,10,no,4,Russian,4.26,3,0,19,B,0,5
F,no,9,no,21,Russian,4.26,2,1,17,B,0,6
M,no,5,no,26,Russian,4.26,3,0,22,B,3,7
F,no,2,no,13,Russian,4.26,2,1,17,B,2,17
F,no,7,no,10,Russian,4.26,2,0,19,B,1,22
F,no,4,no,25,Russian,4.26,1,1,18,B,3,7
F,no,4,no,13,Russian,4.26,2,1,20,B,2,8
M,no,2,no,29,Russian,4.26,2,0,21,B,3,14
F,no,4,no,1,Russian,4.26,3,1,20,B,3,5
F,yes,2,no,11,Russian,4.26,3,1,19,B,0,18
F,no,1,no,26,Russian,4.26,4,1,19,B,3,18
F,no,0,no,12,Russian,4.26,3,0,18,B,2,9
M,yes,0,no,32,Russian,4.26,2,0,21,B,2,11
F,no,5,no,28,Russian,4.26,3,0,22,B,2,22
F,no,1,no,34,Russian,4.26,5,1,20,B,3,6
F,no,6,no,17,Russian,4.26,5,0,21,B,3,4
F,no,2,no,31,Russian,4.26,5,1,20,B,3,10
M,no,2,yes,25,Russian,4.27,1,0,22,B,1,7
F,no,7,no,14,Russian,4.27,1,0,22,B,0,18
F,no,2,no,2,Russian,4.27,2,1,18,B,1,18
M,yes,10,no,5,Russian,4.27,1,0,19,B,0,15
F,no,2,no,2,Russian,4.27,5,0,17,B,0,5
M,no,3,no,33,Russian,4.27,3,1,19,B,3,7
M,no,6,no,33,Russian,4.27,5,1,17,B,2,16
F,no,1,no,5,Russian,4.27,3,0,17,B,1,6
M,yes,3,no,23,Russian,4.27,1,0,20,B,1,11
F,no,10,no,2,Russian,4.27,1,1,18,B,2,17
F,no,3,no,23,Russian,4.27,5,1,18,B,0,19
F,no,6,no,3,Russian,4.27,3,0,22,B,0,9
M,no,0,no,48,Russian,4.27,4,0,20,B,0,15
M,no,3,no,32,Russian,4.27,4,0,22,B,0,17
M,yes,4,yes,3,Russian,4.27,5,1,17,B,2,7
M,no,1,no,24,Russian,4.27,4,1,17,B,2,8
F,no,4,no,21,Russian,4.27,5,1,19,B,1,8
M,no,10,no,0,Russian,4.28,3,1,20,B,0,23
F,no,0,no,25,Russian,4.28,2,0,21,B,0,7
F,no,3,no,10,Russian,4.28,3,0,18,B,0,16
M,no,1,no,4,Russian,4.28,1,0,18,B,3,14
F,no,2,no,7,Russian,4.28,4,0,20,B,0,15
M,yes,8,no,0,Russian,4.28,3,0,19,B,2,22
F,no,4,no,2,Russian,4.28,2,0,21,B,3,12
M,no,0,yes,16,Russian,4.28,1,1,18,B,2,15
M,no,4,no,12,Russian,4.28,4,0,18,B,0,8
M,yes,9,no,4,Russian,4.28,2,0,17,B,3,14
M,no,3,yes,23,Russian,4.28,4,1,18,B,3,21
F,no,6,no,15,Russian,4.28,5,0,22,B,0,2
M,no,2,no,31,Russian,4.28,2,0,17,B,3,6
M,yes,8,no,3,Russian,4.29,2,0,22,B,1,21
F,no,4,no,2,Russian,4.29,4,0,19,B,2,18
F,no,5,no,35,Russian,4.29,5,1,19,B,2,23
M,no,5,no,27,Russian,4.29,1,1,19,B,2,7
F,no,5,no,32,Russian,4.29,2,0,19,B,0,8
F,yes,4,no,24,Russian,4.29,1,1,18,B,3,17
M,no,3,yes,29,Russian,4.29,4,0,20,B,0,8
M,no,10,yes,4,Russian,4.29,2,0,20,B,3,12
M,no,4,no,17,Russian,4.29,4,0,18,B,0,14
M,yes,3,no,18,Russian,4.29,2,0,17,B,0,4
M,no,5,no,15,Russian,4.29,3,0,21,B,1,8
M,no,1,no,32,Russian,4.29,4,1,22,B,0,21
F,no,7,no,3,Russian,4.29,2,1,20,B,2,8
F,no,5,no,31,Russian,4.29,2,0,19,B,2,9
M,no,5,yes,3,Russian,4.29,2,0,20,B,0,15
M,no,7,no,25,Russian,4.29,3,1,22,B,1,15
M,yes,1,yes,0,Russian,4.29,1,0,22,B,1,18
M,yes,1,no,29,Russian,4.29,4,1,19,B,1,3
F,no,1,no,17,Russian,4.29,3,0,17,B,2,15
F,yes,4,no,0,Russian,4.29,2,1,18,B,1,4
M,no,5,no,25,Russian,4.29,3,1,17,B,3,20
M,no,2,no,23,Russian,4.29,4,1,20,B,3,11
F,yes,5,no,4,Russian,4.29,5,0,17,B,3,10
M,no,7,yes,11,Russian,4.29,3,1,22,B,2,7
F,no,7,no,12,Russian,4.29,4,1,19,B,1,9
F,yes,2,no,48,Russian,4.29,5,0,20,B,3,10
M,no,4,yes,0,Russian,4.29,3,0,22,B,3,18
M,no,7,yes,12,Russian,4.29,3,0,17,B,1,11
F,no,1,yes,31,Russian,4.29,1,0,22,B,0,23
F,yes,9,no,19,Russian,4.29,4,0,22,B,2,15
F,no,0,no,17,Russian,4.29,5,1,17,B,2,23
M,no,6,yes,24,Russian,4.29,3,0,22,B,0,15
F,no,2,no,11,Russian,4.3,2,0,22,B,1,12
M,yes,6,no,2,Russian,4.3,5,0,18,B,0,10
F,yes,2,yes,32,Russian,4.3,3,1,19,B,0,16
M,no,7,no,5,Russian,4.3,4,1,18,B,1,18
M,no,5,yes,23,Russian,4.3,2,1,20,B,3,10
F,no,8,no,14,Russian,4.3,2,1,18,B,3,12
M,yes,6,no,1,Russian,4.3,1,0,20,B,3,23
M,no,4,no,32,Russian,4.3,3,0,21,B,0,15
M,no,1,no,34,Russian,4.31,2,1,21,B,0,21
F,no,2,yes,13,Russian,4.31,1,1,20,B,1,22
M,no,1,no,24,Russian,4.31,4,1,22,B,0,15
F,no,5,no,32,Russian,4.31,5,0,21,B,0,4
M,no,2,no,21,Russian,4.31,1,1,17,B,2,3
F,yes,6,no,0,Russian,4.31,2,1,20,B,0,21
F,no,6,no,34,Russian,4.31,5,1,17,B,2,22
M,no,2,no,14,Russian,4.31,1,1,18,B,1,16
M,no,3,no,25,Russian,4.31,5,0,17,B,0,3
F,no,3,no,5,Russian,4.31,3,0,19,B,1,6
F,yes,10,no,3,Russian,4.31,1,1,22,B,1,2
F,no,7,no,20,Russian,4.31,5,1,22,B,2,21
M,no,1,yes,26,Russian,4.31,2,1,18,B,2,8
F,no,9,no,2,Russian,4.31,1,0,18,B,1,2
F,no,3,yes,1,Russian,4.31,3,0,22,B,1,2
M,no,10,no,1,Russian,4.31,5,0,22,B,0,14
F,no,10,no,25,Russian,4.31,5,1,18,B,1,18
F,no,5,no,35,Russian,4.31,1,0,21,B,2,5
F,yes,3,no,2,Russian,4.31,5,0,18,B,3,22
F,no,7,no,5,Russian,4.31,2,0,18,B,3,5
F,no,3,no,24,Russian,4.31,3,1,21,B,2,21
F,no,0,no,5,Russian,4.31,4,1,18,B,2,3
F,no,6,no,3,Russian,4.31,4,0,22,B,0,11
M,no,6,no,5,Russian,4.31,3,1,17,B,3,12
F,no,1,no,33,Russian,4.31,4,0,20,B,3,6
M,no,2,no,15,Russian,4.31,3,0,22,B,3,19
F,yes,5,no,32,Russian,4.31,4,1,22,B,3,20
M,no,0,yes,14,Russian,4.31,3,0,21,B,2,2
M,no,3,no,47,Russian,4.31,2,0,22,B,1,3
F,no,4,no,6,Russian,4.32,5,1,21,B,1,23
M,no,5,yes,3,Russian,4.32,4,1,22,B,1,4
M,no,1,yes,42,Russian,4.32,3,0,21,B,1,5
M,no,1,no,22,Russian,4.32,3,1,21,B,3,19
F,no,7,no,1,Russian,4.32,3,0,19,B,0,16
F,no,1,yes,21,Russian,4.32,3,1,19,B,3,21
M,no,4,no,50,Russian,4.33,5,0,18,B,0,6
M,yes,7,no,29,Russian,4.33,1,1,19,B,0,17
F,no,4,no,31,Russian,4.33,2,1,21,B,3,17
F,no,6,no,5,Russian,4.33,2,1,18,B,0,11
M,no,1,yes,25,Russian,4.33,4,0,17,B,3,10
F,no,2,no,22,Russian,4.33,1,1,17,B,0,13
F,no,8,yes,1,Russian,4.33,5,0,18,B,2,9
F,no,5,no,26,Russian,4.34,2,1,19,B,0,13
M,no,9,no,3,Russian,4.34,2,1,18,B,1,6
M,yes,7,no,12,Russian,4.34,2,0,19,B,0,18
M,no,1,no,1,Russian,4.34,3,1,19,B,0,19
F,no,4,yes,18,Russian,4.34,4,0,17,B,3,12
M,no,3,no,27,Russian,4.34,2,0,20,B,0,7
F,no,5,no,24,Russian,4.34,5,1,18,B,3,20
F,no,1,yes,19,Russian,4.34,4,1,20,B,3,17
M,no,2,no,47,Russian,4.34,1,1,22,B,3,3
M,no,1,no,11,Russian,4.34,4,1,20,B,0,5
F,no,2,no,29,Russian,4.34,4,1,20,B,0,12
M,no,2,yes,14,Russian,4.34,1,0,20,B,2,16
F,no,5,no,4,Russian,4.34,3,0,17,B,2,17
F,no,4,no,15,Russian,4.34,1,1,18,B,1,23
F,no,5,no,32,Russian,4.34,2,0,20,B,1,6
M,no,7,no,33,Russian,4.34,4,0,21,B,1,6
F,no,4,yes,29,Russian,4.34,3,0,19,B,0,2
M,no,2,no,31,Russian,4.35,1,1,19,B,1,5
F,no,5,no,29,Russian,4.35,1,1,22,B,0,11
F,yes,5,no,0,Russian,4.35,4,0,18,B,2,6
F,yes,6,no,1,Russian,4.35,4,1,19,B,2,13
F,no,3,no,42,Russian,4.35,3,0,17,B,0,7
F,yes,9,yes,2,Russian,4.35,3,0,22,B,2,19
M,no,3,no,1,Russian,4.35,1,1,18,B,1,22
M,no,1,no,11,Russian,4.35,1,0,21,B,3,19
F,yes,4,no,18,Russian,4.35,3,0,18,B,3,16
F,no,2,yes,35,Russian,4.36,5,0,21,B,0,18
M,no,1,no,1,Russian,4.36,1,1,17,B,2,11
M,yes,0,no,12,Russian,4.36,5,1,17,B,3,11
F,no,2,no,21,Russian,4.36,3,0,18,B,2,22
M,no,2,yes,18,Russian,4.36,4,1,19,B,0,7
M,yes,6,no,5,Russian,4.36,3,0,21,B,2,22
F,no,5,no,2,Russian,4.36,1,1,20,B,2,21
M,no,5,yes,27,Russian,4.36,5,1,19,B,0,14
F,yes,6,no,18,Russian,4.36,4,1,18,B,2,17
M,no,2,no,28,Russian,4.36,2,1,17,B,3,11
M,no,5,no,1,Russian,4.36,1,1,19,B,2,17
M,no,7,no,42,Russian,4.36,4,0,22,B,3,2
F,no,8,no,21,Russian,4.36,5,0,17,B,1,18
M,no,4,no,31,Russian,4.36,2,0,17,B,3,12
F,no,8,no,34,Russian,4.36,2,0,18,B,0,5
M,no,1,yes,5,Russian,4.36,4,0,22,B,2,19
M,no,3,no,46,Russian,4.36,1,0,20,B,2,11
F,no,3,no,9,Russian,4.36,5,1,18,B,1,12
M,no,5,no,26,Russian,4.36,3,0,19,B,0,2
F,no,3,no,31,Russian,4.36,1,0,17,B,3,8
M,no,4,no,27,Russian,4.36,4,1,17,B,2,12
M,yes,7,no,28,Russian,4.36,4,1,22,B,2,8
F,no,3,yes,5,Russian,4.36,3,0,20,B,1,7
F,no,2,no,4,Russian,4.37,1,1,17,B,3,3
M,no,1,no,33,Russian,4.37,1,0,17,B,2,7
M,no,3,no,16,Russian,4.37,3,0,20,B,1,5
F,no,1,no,15,Russian,4.37,2,0,17,B,3,6
M,no,7,no,10,Russian,4.37,1,1,20,B,2,2
F,no,0,yes,18,Russian,4.37,4,0,18,B,3,13
M,no,1,no,12,Russian,4.37,2,1,17,B,2,14
F,no,3,no,25,Russian,4.37,4,0,17,B,3,15
F,no,3,no,23,Russian,4.37,2,0,17,B,3,5
F,no,6,no,8,Russian,4.37,4,0,20,B,0,7
M,no,4,no,32,Russian,4.37,2,0,21,B,1,4
F,yes,10,no,0,Russian,4.37,4,1,22,B,3,16
M,no,8,no,0,Russian,4.38,5,1,21,B,0,7
M,no,1,no,6,Russian,4.38,3,0,22,B,0,21
M,no,6,no,5,Russian,4.38,1,0,17,B,3,15
M,no,0,no,16,Russian,4.38,3,0,20,B,0,20
M,no,5,yes,4,Russian,4.38,1,1,18,B,1,7
F,yes,8,no,2,Russian,4.38,1,0,17,B,1,7
M,no,2,no,35,Russian,4.38,3,0,20,B,1,21
F,no,2,yes,34,Kyrgyz,4.38,3,1,20,B,1,13
F,no,1,no,7,Russian,4.38,4,1,20,B,1,20
M,no,0,no,14,Russian,4.38,4,1,22,B,1,22
F,no,1,no,24,Russian,4.38,4,1,21,B,0,10
F,no,4,no,25,Russian,4.38,3,0,17,B,1,7
M,no,8,no,3,Russian,4.39,4,0,20,B,0,2
F,yes,7,yes,0,Russian,4.39,2,1,21,B,0,19
F,no,2,no,33,Russian,4.39,5,0,21,B,0,4
M,no,3,no,12,Russian,4.39,4,0,20,B,2,13
F,no,3,yes,1,Russian,4.39,4,1,19,B,1,6
M,no,5,yes,19,Russian,4.39,1,1,18,B,2,18
M,no,2,no,2,Russian,4.39,4,1,17,B,1,5
M,no,4,no,3,Russian,4.39,4,1,19,B,1,6
F,no,10,yes,1,Russian,4.39,3,1,22,B,0,4
M,no,1,no,48,Russian,4.39,4,1,17,B,3,9
M,no,2,no,32,Russian,4.39,4,1,20,B,0,15
F,no,6,no,1,Russian,4.4,4,1,18,B,2,5
F,no,1,no,22,Russian,4.4,1,1,17,B,0,3
M,no,5,no,16,Russian,4.4,1,1,19,B,0,6
M,yes,6,no,15,Russian,4.4,2,1,17,B,3,2
M,no,3,yes,26,Russian,4.4,4,0,18,B,0,20
M,no,5,no,46,Russian,4.4,3,0,17,B,3,22
M,yes,4,no,31,Russian,4.41,4,1,17,B,0,18
F,no,10,no,4,Russian,4.41,4,1,22,B,0,9
F,no,9,no,5,Russian,4.41,2,0,18,B,3,17
M,no,6,no,21,Russian,4.41,2,1,21,B,1,3
F,no,2,no,26,Russian,4.41,5,1,22,B,3,14
F,no,1,no,3,Russian,4.41,4,1,18,B,0,18
F,no,1,yes,11,Russian,4.41,3,0,17,B,3,6
M,no,6,no,5,Russian,4.41,2,0,17,B,3,23
F,no,8,yes,19,Russian,4.41,2,0,19,B,0,21
F,yes,7,no,3,Russian,4.41,5,0,22,B,1,16
M,yes,5,no,15,Russian,4.41,1,1,17,B,1,18
M,no,4,no,32,Russian,4.41,2,1,19,B,0,12
M,yes,5,no,4,Russian,4.41,1,0,20,B,2,6
M,no,1,no,31,Russian,4.41,1,1,21,B,1,16
M,no,2,no,19,Russian,4.41,2,0,17,B,2,23
F,no,1,no,16,Russian,4.41,1,1,18,B,1,17
M,no,1,no,29,Russian,4.41,2,1,19,B,3,3
M,no,3,no,26,Russian,4.41,1,0,20,B,2,6
M,yes,4,no,27,Russian,4.41,5,1,21,B,2,4
M,no,3,no,35,Russian,4.41,3,1,18,B,1,11
F,no,5,no,26,Russian,4.42,5,0,20,B,2,5
F,yes,2,no,28,Russian,4.42,1,0,21,B,1,4
M,yes,1,no,32,Russian,4.42,5,1,22,B,2,20
M,no,0,no,33,Russian,4.42,4,1,21,B,3,8
F,no,2,yes,18,Russian,4.42,5,1,20,B,3,20
M,no,1,no,18,Russian,4.42,5,0,17,B,3,19
F,no,1,yes,9,Russian,4.42,2,0,19,B,2,8
M,yes,5,no,25,Russian,4.43,4,0,20,B,3,9
F,no,1,yes,18,Russian,4.43,3,0,20,B,3,22
F,no,4,no,3,Russian,4.43,2,1,21,B,3,4
F,no,4,yes,34,Russian,4.43,5,1,21,B,2,3
F,no,7,no,4,Russian,4.43,1,0,20,B,1,21
M,no,3,no,14,Russian,4.43,2,0,17,B,3,21
M,yes,5,no,8,Russian,4.43,5,1,22,B,0,15
F,no,3,no,35,Russian,4.44,1,0,18,B,3,15
M,no,3,no,2,Russian,4.44,2,0,22,B,0,10
F,no,2,no,27,Russian,4.44,3,0,22,B,2,9
M,no,5,no,20,Russian,4.44,2,1,22,B,3,13
M,no,4,no,21,Russian,4.44,4,0,19,B,0,4
F,no,5,no,6,Russian,4.44,1,0,22,B,3,11
F,no,3,no,18,Russian,4.44,5,0,20,B,0,18
F,no,2,no,7,Russian,4.44,1,1,18,B,2,6
F,no,2,no,24,Russian,4.44,1,1,28,B,1,11
M,no,5,no,21,Russian,4.44,1,0,22,B,0,2
M,no,10,no,2,Russian,4.44,4,0,18,B,1,6
F,yes,0,no,34,Russian,4.44,2,1,18,B,2,8
F,no,7,yes,0,Russian,4.44,4,1,19,B,2,22
M,no,4,no,17,Russian,4.44,2,0,17,B,2,8
F,no,5,no,10,Russian,4.44,2,1,20,B,2,16
F,no,4,yes,35,Russian,4.44,2,0,17,B,3,2
M,no,3,no,27,Russian,4.44,1,0,17,B,3,5
M,no,2,yes,30,Russian,4.44,2,1,17,B,1,2
M,no,2,no,35,Russian,4.44,4,0,22,B,3,11
F,yes,5,no,5,Russian,4.44,3,0,19,B,3,21
F,no,6,yes,10,Russian,4.44,1,0,18,B,3,12
F,yes,8,no,1,Russian,4.44,5,0,21,B,3,19
M,yes,10,no,0,Russian,4.45,5,1,18,B,3,3
M,yes,3,no,30,Russian,4.45,1,0,19,B,3,6
M,no,4,no,3,Russian,4.45,2,0,20,B,2,22
M,no,3,yes,18,Russian,4.45,1,1,19,B,3,4
F,yes,8,yes,0,Russian,4.45,4,1,19,B,3,17
M,yes,5,no,15,Russian,4.45,1,0,20,B,1,18
F,yes,3,no,43,Russian,4.45,1,1,21,B,3,6
M,no,5,no,16,Russian,4.45,3,1,17,B,1,6
F,no,3,no,23,Russian,4.45,5,1,19,B,2,12
M,no,2,no,2,Russian,4.45,3,1,21,B,1,4
F,no,1,no,34,Russian,4.45,5,0,22,B,1,4
M,yes,2,no,34,Russian,4.45,3,0,22,B,2,11
M,no,3,no,18,Russian,4.45,4,1,30,B,2,2
F,no,5,yes,21,Russian,4.46,5,1,21,B,0,3
M,yes,3,yes,3,Russian,4.46,1,0,19,B,0,17
F,no,4,no,31,Russian,4.46,1,0,20,B,3,5
F,no,5,yes,17,Russian,4.46,4,1,18,B,2,22
F,no,0,no,10,Russian,4.46,5,1,20,B,0,4
F,no,1,no,5,Russian,4.46,5,0,21,B,1,9
M,no,4,no,8,Russian,4.46,1,0,19,B,1,14
M,no,4,no,3,Russian,4.46,4,0,17,B,1,8
F,no,3,no,30,Russian,4.46,1,1,19,B,1,3
F,no,2,no,20,Russian,4.46,4,1,18,B,1,22
F,yes,5,no,25,Russian,4.46,4,1,21,B,0,19
M,no,4,yes,23,Russian,4.46,4,1,17,B,1,10
M,no,7,no,3,Russian,4.46,5,1,17,B,0,4
M,yes,1,no,24,Russian,4.46,3,0,22,B,0,9
M,no,1,no,37,Russian,4.46,1,1,17,B,1,3
M,no,2,no,28,Russian,4.46,2,0,19,B,1,16
F,no,2,no,5,Russian,4.46,5,1,22,B,0,5
F,no,3,no,6,Russian,4.46,4,0,19,B,0,4
F,no,7,no,40,Russian,4.46,2,0,22,B,0,11
M,no,3,yes,35,Russian,4.47,5,0,17,B,1,6
M,no,4,yes,34,Russian,4.48,4,0,22,B,0,13
M,no,2,no,24,Russian,4.48,4,0,19,B,1,15
F,no,6,no,35,Russian,4.49,2,0,17,B,1,6
F,yes,6,no,0,Russian,4.49,3,1,19,B,1,2
M,no,1,no,35,Russian,4.49,3,0,18,B,0,8
M,no,5,yes,18,Russian,4.49,5,0,17,B,1,9
F,yes,1,yes,1,Russian,4.49,1,1,22,B,1,22
M,no,2,no,16,Russian,4.49,5,1,22,B,1,15
M,no,5,no,28,Russian,4.49,3,1,20,B,0,21
M,no,3,no,14,Russian,4.49,3,1,17,B,0,20
M,no,3,no,25,Russian,4.49,2,0,22,B,1,4
F,no,2,no,16,Russian,4.5,5,0,18,B,0,23
M,no,4,no,28,Russian,4.5,4,0,18,B,1,18
M,no,0,no,15,Russian,4.5,1,1,17,B,0,14
M,no,10,no,46,Russian,4.5,2,0,21,B,0,3
M,no,2,no,34,Russian,4.51,2,1,22,B,1,21
M,no,2,no,27,Russian,4.51,2,1,21,B,0,23
F,yes,4,no,28,Russian,4.51,4,0,18,B,0,10
M,no,3,no,33,Russian,4.51,4,1,17,B,0,18
F,no,5,no,12,Russian,4.51,1,1,21,B,1,2
M,no,0,no,27,Russian,4.51,3,0,17,B,0,17
F,no,1,no,15,Russian,4.52,3,0,22,B,0,23
F,no,1,yes,3,Kyrgyz,4.52,3,1,22,B,0,20
M,no,2,no,26,Russian,4.52,5,0,22,B,0,8
F,no,1,no,35,Russian,4.52,3,0,21,B,1,16
M,no,1,no,20,Russian,4.52,1,1,18,A,1,5
F,no,3,no,14,Russian,4.52,5,1,17,A,0,20
F,no,2,yes,24,Russian,4.52,1,0,18,A,1,7
M,no,2,no,8,Russian,4.53,2,1,22,A,0,15
F,no,3,no,19,Russian,4.53,5,0,17,A,1,12
F,no,10,yes,2,Russian,4.53,1,1,17,A,0,20
F,no,2,no,29,Russian,4.53,4,1,20,A,0,20
M,no,1,no,14,Russian,4.53,1,0,17,A,0,7
M,no,4,no,19,Russian,4.54,1,0,17,A,1,12
M,no,0,no,29,Russian,4.54,5,1,19,A,0,9
F,no,1,no,2,Russian,4.54,4,0,22,A,1,6
F,no,6,no,25,Russian,4.54,3,1,17,A,1,11
F,no,0,no,6,Russian,4.54,4,0,20,A,1,9
M,no,2,yes,11,Russian,4.54,3,1,22,A,0,19
M,no,1,yes,4,Russian,4.54,1,1,21,A,0,14
M,no,2,no,33,Russian,4.54,4,1,18,A,1,23
F,no,3,yes,22,Russian,4.54,5,0,18,A,1,2
F,no,0,no,34,Russian,4.54,1,0,20,A,1,17
M,no,1,no,22,Russian,4.54,5,0,18,A,1,22
F,no,10,no,5,Russian,4.54,1,1,19,A,0,16
M,no,1,no,11,Russian,4.54,4,0,22,A,1,21
M,no,1,no,12,Russian,4.54,3,0,17,A,0,21
F,no,2,no,35,Russian,4.54,1,1,19,A,1,4
F,no,0,no,6,Russian,4.54,5,0,22,A,0,3
M,no,9,yes,0,Russian,4.54,2,1,22,A,0,2
M,no,2,yes,26,Russian,4.54,2,0,17,A,0,10
M,no,0,no,19,Russian,4.54,1,0,22,A,0,14
F,no,0,no,3,Russian,4.55,2,0,18,A,1,5
M,no,1,no,14,Russian,4.55,1,0,20,A,1,12
M,no,9,no,12,Russian,4.55,2,0,20,A,0,15
M,no,1,no,18,Russian,4.55,1,1,17,A,0,14
M,no,5,no,4,Russian,4.55,3,0,19,A,0,13
M,no,1,no,34,Russian,4.56,2,0,17,A,0,19
M,no,2,no,21,Russian,4.56,4,1,18,A,0,4
F,no,3,yes,5,Russian,4.56,1,1,20,A,1,10
M,no,1,yes,16,Russian,4.56,2,0,21,A,0,11
F,no,0,no,31,Russian,4.56,3,1,21,A,0,12
F,yes,6,no,1,Russian,4.56,4,0,20,A,0,23
M,no,3,no,35,Russian,4.56,2,0,17,A,0,14
M,no,1,yes,41,Russian,4.56,1,0,21,A,1,7
M,yes,5,yes,1,Russian,4.56,4,1,17,A,0,8
M,no,2,no,6,Russian,4.56,2,1,19,A,0,21
F,no,3,no,30,Russian,4.56,2,1,20,A,1,14
F,no,3,no,32,Russian,4.57,1,1,19,A,0,10
M,no,2,no,18,Russian,4.57,5,0,19,A,0,6
M,no,1,no,2,Russian,4.57,3,1,21,A,0,3
F,no,5,no,5,Russian,4.57,1,1,17,A,0,6
F,no,2,no,32,Russian,4.57,3,1,20,A,1,16
F,yes,2,no,18,Russian,4.58,1,1,21,A,0,21
F,no,7,no,27,Russian,4.58,5,0,17,A,0,15
M,no,3,no,9,Russian,4.58,1,0,17,A,0,4
F,no,2,no,15,Russian,4.58,2,0,17,A,0,5
M,no,9,no,1,Russian,4.58,1,0,18,A,1,15
F,no,10,no,2,Russian,4.58,4,0,22,A,1,20
M,no,2,no,31,Russian,4.58,4,1,21,A,0,21
F,no,3,no,2,Russian,4.59,3,1,17,A,1,6
F,yes,4,no,2,Russian,4.59,4,0,21,A,0,10
F,yes,6,no,5,Russian,4.59,2,0,21,A,0,20
M,no,1,no,21,Russian,4.59,4,0,20,A,0,22
F,no,6,no,12,Russian,4.59,1,0,22,A,0,10
F,yes,5,no,0,Russian,4.59,4,0,19,A,0,10
M,no,5,no,26,Russian,4.59,5,1,19,A,0,2
M,no,3,no,15,Russian,4.59,4,0,20,A,1,15
F,yes,1,no,14,Russian,4.59,5,0,18,A,0,21
F,no,6,no,9,Russian,4.59,4,1,19,A,1,23
M,no,2,no,19,Russian,4.59,3,1,21,A,1,9
F,no,7,no,17,Russian,4.6,5,0,18,A,0,9
F,no,3,yes,9,Russian,4.6,1,1,22,A,0,7
F,no,5,yes,14,Russian,4.6,2,1,17,A,1,16
M,no,1,yes,3,Russian,4.6,3,1,17,A,0,18
M,yes,9,yes,22,Russian,4.6,1,0,17,A,1,12
F,no,3,no,10,Russian,4.6,2,0,21,A,0,17
M,yes,1,no,1,Russian,4.6,1,1,40,A,0,5
F,no,0,no,10,Russian,4.61,4,0,20,A,0,13
F,no,2,no,36,Russian,4.61,3,1,18,A,0,3
F,no,3,no,34,Russian,4.61,5,0,17,A,1,8
M,no,3,no,32,Russian,4.61,5,1,19,A,0,17
F,no,2,no,28,Russian,4.61,3,1,22,A,0,20
F,yes,10,no,3,Russian,4.61,3,0,21,A,0,9
M,no,2,no,32,Russian,4.61,5,1,22,A,0,3
M,no,2,no,4,Russian,4.61,4,0,20,A,1,2
M,no,2,no,21,Russian,4.61,1,0,20,A,0,20
F,no,1,yes,22,Russian,4.61,5,1,20,A,0,21
F,no,4,no,28,Russian,4.62,1,0,17,A,0,20
M,no,3,no,35,Russian,4.62,4,1,17,A,1,18
M,no,1,no,35,Russian,4.62,3,1,21,A,0,2
F,no,4,yes,16,Russian,4.62,1,1,21,A,0,11
M,no,1,yes,20,Russian,4.62,4,1,18,A,0,16
F,no,4,no,27,Russian,4.62,5,1,22,A,0,13
F,no,6,no,14,Russian,4.62,3,1,17,A,0,16
M,no,1,no,35,Russian,4.63,4,0,18,A,0,11
M,yes,6,no,2,Russian,4.63,2,1,17,A,0,16
M,no,4,no,3,Russian,4.63,1,0,22,A,1,13
F,no,2,no,32,Russian,4.63,4,0,19,A,0,23
F,yes,6,yes,33,Russian,4.63,4,0,22,A,0,4
F,no,2,yes,24,Russian,4.63,1,0,17,A,0,23
M,no,2,no,5,Russian,4.63,2,0,18,A,1,8
F,no,5,no,8,Russian,4.63,3,1,22,A,1,12
F,no,2,yes,8,Russian,4.63,4,1,17,A,1,21
M,no,0,no,21,Russian,4.63,4,0,22,A,0,9
F,no,1,yes,6,Russian,4.63,5,1,22,A,1,19
F,yes,0,no,15,Russian,4.64,2,1,20,A,0,10
F,yes,1,no,12,Russian,4.64,3,0,19,A,1,11
F,no,6,no,1,Russian,4.64,5,0,19,A,1,9
M,no,2,no,14,Russian,4.64,1,1,19,A,0,22
M,no,3,no,26,Russian,4.64,2,0,18,A,1,10
M,yes,1,no,31,Russian,4.64,4,1,17,A,1,5
F,no,4,no,5,Russian,4.64,5,1,21,A,1,19
M,no,2,no,28,Russian,4.64,4,1,22,A,1,13
F,no,1,yes,11,Russian,4.64,5,1,21,A,1,2
M,no,1,yes,19,Russian,4.64,1,1,18,A,1,20
M,no,3,no,17,Russian,4.64,2,0,22,A,0,9
F,no,0,yes,30,Russian,4.64,3,1,19,A,1,19
M,no,2,no,23,Kyrgyz,4.65,5,0,21,A,1,9
M,no,6,no,0,Russian,4.65,1,0,21,A,0,15
F,no,0,yes,19,Russian,4.66,3,0,17,A,0,10
F,no,2,yes,33,Russian,4.66,2,0,21,A,1,18
F,yes,2,yes,1,Russian,4.66,5,1,22,A,0,21
F,no,2,no,35,Russian,4.66,1,1,18,A,1,6
M,no,1,no,3,Russian,4.66,2,1,17,A,0,5
F,no,2,no,2,Russian,4.66,2,0,19,A,1,19
F,no,5,yes,16,Russian,4.66,4,0,20,A,1,7
F,no,3,no,38,Russian,4.67,4,1,22,A,1,6
F,no,2,no,3,Russian,4.67,5,0,22,A,1,2
M,yes,10,yes,3,Russian,4.68,5,0,22,A,1,2
F,yes,5,no,11,Russian,4.68,3,1,18,A,1,22
M,no,1,no,1,Russian,4.69,3,0,19,A,0,2
F,no,4,no,4,Russian,4.7,1,1,18,A,0,9
M,no,3,no,43,Russian,4.7,4,0,18,A,1,22
M,no,1,no,47,Russian,4.7,5,0,20,A,0,20
M,no,1,no,9,Russian,4.7,1,1,20,A,0,15
F,no,6,no,2,Russian,4.71,1,0,17,A,1,10
M,yes,4,no,5,Russian,4.71,3,0,19,A,1,11
F,no,2,no,26,Russian,4.71,3,0,21,A,1,22
F,yes,3,no,25,Russian,4.71,3,0,18,A,0,15
M,no,5,no,9,Russian,4.71,5,0,17,A,1,4
M,no,1,no,27,Russian,4.71,1,1,17,A,1,4
F,no,2,yes,19,Kyrgyz,4.71,2,1,22,A,1,22
F,yes,1,no,31,Russian,4.72,3,0,39,A,1,16
F,no,4,yes,26,Russian,4.72,5,1,20,A,1,5
M,no,6,yes,11,Russian,4.73,2,1,21,A,1,23
F,yes,6,no,6,Russian,4.73,1,1,18,A,0,7
F,no,8,no,2,Russian,4.74,1,1,21,A,0,6
F,no,10,yes,5,Russian,4.74,4,0,17,A,0,4
M,no,7,no,5,Russian,4.74,5,1,21,A,0,15
F,no,3,no,27,Russian,4.74,4,1,17,A,1,7
F,no,2,no,30,Russian,4.74,3,1,19,A,0,11
M,no,5,no,21,Russian,4.74,3,0,17,A,1,4
F,no,0,no,8,Russian,4.74,3,1,20,A,0,5
F,no,2,no,21,Russian,4.74,3,1,19,A,0,23
M,yes,3,no,18,Russian,4.74,1,1,20,A,1,21
M,no,4,no,3,Russian,4.74,5,0,21,A,1,20
M,no,1,no,32,Russian,4.75,4,1,21,A,0,15
F,no,6,no,8,Russian,4.75,5,0,22,A,0,3
M,no,2,no,3,Russian,4.76,5,0,22,A,0,19
M,no,2,no,17,Russian,4.76,1,1,17,A,0,23
M,no,0,no,17,Russian,4.76,4,1,19,A,0,14
F,no,4,no,27,Russian,4.76,4,1,18,A,1,8
M,no,2,yes,12,Russian,4.79,2,0,18,A,1,18
M,no,3,no,46,Russian,4.8,2,1,17,A,1,8
M,no,1,no,19,Russian,4.8,4,1,21,A,1,9
M,no,2,no,30,Russian,4.8,4,0,17,A,1,12
M,no,2,no,20,Russian,4.8,1,1,21,A,0,23
